final_pv,pnl,initial_capital,cash_pct,oor_pct,trade_count,enter_count,recenter_count,same_width_recenter_count,exit_count,gross_fee_carry_usd,raw_swing_pnl_usd,raw_boundary_il_last_usd,raw_boundary_il_abs_max_usd,hedge_accounting_mode,steps,cum_reward,cum_reward_usd,lp_fee_usd,funding_cost_usd,tx_cost_usd,hedge_pnl_usd,lp_value_change_usd,il_realized_usd,time_in_range_pct,time_oor_pct,time_cash_pct,masked_invalid_actions,n_hold,n_go_cash_requested,n_stay_cash,n_entries,rebalance_count,episode_kind,episode_id,policy,start_idx,end_idx,start_ts,end_ts
906.3146587103993,-93.68534128960073,1000.0,18.473895582329316,1.2048192771084338,91,46,0,0,45,-80.80819888763949,-12.877142401960931,-0.0002296316456522618,7.279462037452959,continuous_delta_hedged,249,-0.0936853412896004,-93.68534128960042,45.2425352255557,0.4702652145175919,125.5804688986776,13.11857533863255,-25.995717740593477,0.0,80.32128514056225,1.2048192771084338,18.473895582329316,0,158,45,0,46,46,episode,0,shipped_dqn,220,470,2025-09-10 04:00:00+00:00,2025-09-20 13:00:00+00:00
1025.743344404476,25.74334440447592,1000.0,0.4016064257028112,1.6064257028112447,5,1,4,4,0,38.590183843536465,-12.846839439060528,-1.2584370046092772,12.152832199152954,continuous_delta_hedged,249,0.02574334440447594,25.743344404475938,47.174476978911926,0.626212785849322,7.958080349526133,4.4871147672554486,-17.33395420631598,0.0,97.99196787148594,1.6064257028112447,0.4016064257028112,0,244,0,0,1,5,episode,0,always_in_w10,220,470,2025-09-10 04:00:00+00:00,2025-09-20 13:00:00+00:00
1003.3216514748051,3.321651474805094,1000.0,0.4016064257028112,89.1566265060241,1,1,0,0,0,4.313208858810168,-0.9915573840050415,-9.699021596015996,36.118109045434835,continuous_delta_hedged,249,0.0033216514748051268,3.3216514748051265,5.928502334685062,0.035293475874893857,1.58,-5.934984997982334,4.943427613977292,0.0,10.441767068273093,89.1566265060241,0.4016064257028112,0,248,0,0,1,1,episode,0,always_in_w10_no_recenter,220,470,2025-09-10 04:00:00+00:00,2025-09-20 13:00:00+00:00
1013.8760391533348,13.876039153334773,1000.0,0.4016064257028112,0.4016064257028112,2,1,1,1,0,20.96084628300612,-7.084807129671395,-1.8103148820803199,13.76180556089912,continuous_delta_hedged,249,0.013876039153334725,13.876039153334725,24.64673820894233,0.5732552984523298,3.112636627483881,-7.765229838721094,0.6804227090497079,0.0,99.19678714859438,0.4016064257028112,0.4016064257028112,0,247,0,0,1,2,episode,0,always_in_w20,220,470,2025-09-10 04:00:00+00:00,2025-09-20 13:00:00+00:00
1038.0869005460277,38.086900546027664,1000.0,0.4016064257028112,8.433734939759036,22,1,21,21,0,68.13421718684017,-30.047316640811836,-2.859325287390675,9.7288811029116,continuous_delta_hedged,249,0.03808690054602834,38.08690054602834,104.71698290889131,0.6212212849066439,35.9615444371445,50.93454845382175,-80.98186509463358,0.0,91.16465863453816,8.433734939759036,0.4016064257028112,0,227,0,0,1,22,episode,0,always_in_w4,220,470,2025-09-10 04:00:00+00:00,2025-09-20 13:00:00+00:00
1038.034986880347,38.034986880347105,1000.0,0.4016064257028112,3.614457831325301,10,1,9,9,0,60.015225926390514,-21.980239046043025,-0.0030633758947260503,9.258919101890001,continuous_delta_hedged,249,0.03803498688034749,38.03498688034749,76.80837286207998,0.5671835472764765,16.225963388412993,13.698178145257216,-35.67841719130024,0.0,95.98393574297188,3.614457831325301,0.4016064257028112,0,239,0,0,1,10,episode,0,always_in_w6,220,470,2025-09-10 04:00:00+00:00,2025-09-20 13:00:00+00:00
1000.0,0.0,1000.0,100.0,0.0,0,0,0,0,0,0.0,0.0,0.0,0.0,continuous_delta_hedged,249,0.0,0.0,0.0,0.0,0.0,0.0,0.0,0.0,0.0,0.0,100.0,0,0,0,249,0,0,episode,0,always_cash,220,470,2025-09-10 04:00:00+00:00,2025-09-20 13:00:00+00:00
1004.9246394377407,4.924639437740666,1000.0,56.22489959839358,3.2128514056224895,20,7,6,0,7,14.132538258664514,-9.207898820923903,0.0,9.892419843595349,continuous_delta_hedged,249,0.004924639437740614,4.924639437740613,43.0661684142698,0.2245405076062419,28.709089647999043,0.0,0.0,0.0,40.562248995983936,3.2128514056224895,56.22489959839358,0,96,0,133,7,13,episode,0,paper_w4_threshold,220,470,2025-09-10 04:00:00+00:00,2025-09-20 13:00:00+00:00
925.1955940854523,-74.80440591454771,1000.0,17.269076305220885,5.622489959839357,90,43,5,5,42,-42.6298313399668,-32.17457457458114,-0.052610504315225626,21.288968926851794,continuous_delta_hedged,249,-0.07480440591454794,-74.80440591454794,87.15721994533513,0.5375754417850105,129.2494758435169,63.11589418007531,-95.29046875465644,0.0,77.10843373493977,5.622489959839357,17.269076305220885,0,159,42,0,43,48,episode,1,shipped_dqn,470,720,2025-09-20 14:00:00+00:00,2025-09-30 23:00:00+00:00
1032.7318708089026,32.73187080890261,1000.0,0.4016064257028112,2.4096385542168677,7,1,6,6,0,53.49794886582627,-20.766078056923636,-0.024456499242660357,15.633115931959992,continuous_delta_hedged,249,0.032731870808902636,32.73187080890263,65.42209514769313,0.5352843662564566,11.388861915610395,84.24172814716582,-105.00780620408943,0.0,97.18875502008032,2.4096385542168677,0.4016064257028112,0,242,0,0,1,7,episode,1,always_in_w10,470,720,2025-09-20 14:00:00+00:00,2025-09-30 23:00:00+00:00
994.2087901753843,-5.791209824615748,1000.0,0.4016064257028112,86.34538152610442,1,1,0,0,0,2.1067364639093196,-7.897946288525052,-33.49686101767668,69.92797329463644,continuous_delta_hedged,249,-0.005791209824615733,-5.791209824615734,4.85438163679943,1.1676451728901114,1.58,61.63482274045102,-69.53276902897608,0.0,13.253012048192772,86.34538152610442,0.4016064257028112,0,248,0,0,1,1,episode,1,always_in_w10_no_recenter,470,720,2025-09-20 14:00:00+00:00,2025-09-30 23:00:00+00:00
1016.3200773351163,16.320077335116252,1000.0,0.4016064257028112,1.2048192771084338,4,1,3,3,0,27.625854101533783,-11.305776766417516,-0.38181829672601,18.71289814749764,continuous_delta_hedged,249,0.016320077335116263,16.320077335116267,34.68465511041765,0.6306665117526127,6.42813449713125,75.71901337195237,-87.0247901383699,0.0,98.39357429718876,1.2048192771084338,0.4016064257028112,0,245,0,0,1,4,episode,1,always_in_w20,470,720,2025-09-20 14:00:00+00:00,2025-09-30 23:00:00+00:00
1069.467717582025,69.46771758202499,1000.0,0.4016064257028112,7.228915662650602,19,1,18,18,0,115.32514904429328,-45.85743146226889,-0.288166926568465,21.739718605988287,continuous_delta_hedged,249,0.06946771758202439,69.46771758202438,147.735498298584,0.7383901730235051,31.671959081267204,98.07579016755994,-143.93322162982884,0.0,92.3694779116466,7.228915662650602,0.4016064257028112,0,230,0,0,1,19,episode,1,always_in_w4,470,720,2025-09-20 14:00:00+00:00,2025-09-30 23:00:00+00:00
1049.4142829101024,49.41428291010243,1000.0,0.4016064257028112,4.819277108433735,13,1,12,12,0,87.27454995699748,-37.86026704689458,-2.1476236094531487,18.11234346725587,continuous_delta_hedged,249,0.04941428291010289,49.41428291010289,109.6607796651387,0.7921561798203847,21.594073528320862,86.57399954904442,-124.434266595939,0.0,94.77911646586345,4.819277108433735,0.4016064257028112,0,236,0,0,1,13,episode,1,always_in_w6,470,720,2025-09-20 14:00:00+00:00,2025-09-30 23:00:00+00:00
1000.0,0.0,1000.0,100.0,0.0,0,0,0,0,0,0.0,0.0,0.0,0.0,continuous_delta_hedged,249,0.0,0.0,0.0,0.0,0.0,0.0,0.0,0.0,0.0,0.0,100.0,0,0,0,249,0,0,episode,1,always_cash,470,720,2025-09-20 14:00:00+00:00,2025-09-30 23:00:00+00:00
1028.3136961742691,28.313696174269126,1000.0,53.41365461847389,5.220883534136546,22,5,13,0,4,50.40848751256955,-22.094791338300382,-0.6392136985913339,21.256076323344928,continuous_delta_hedged,249,0.028313696174269157,28.313696174269154,86.44802341940051,0.3230341222417006,35.71650178458927,0.0,0.0,0.0,41.365461847389554,5.220883534136546,53.41365461847389,0,99,0,128,5,18,episode,1,paper_w4_threshold,470,720,2025-09-20 14:00:00+00:00,2025-09-30 23:00:00+00:00
906.3146587103993,-93.68534128960073,1000.0,18.473895582329316,1.2048192771084338,91,46,0,0,45,-80.80819888763949,-12.877142401960931,-0.0002296316456522618,7.279462037452959,continuous_delta_hedged,249,-0.0936853412896004,-93.68534128960042,45.2425352255557,0.4702652145175919,125.5804688986776,13.11857533863255,-25.995717740593477,0.0,80.32128514056225,1.2048192771084338,18.473895582329316,0,158,45,0,46,46,rolling,0,shipped_dqn,220,470,2025-09-10 04:00:00+00:00,2025-09-20 13:00:00+00:00
1025.743344404476,25.74334440447592,1000.0,0.4016064257028112,1.6064257028112447,5,1,4,4,0,38.590183843536465,-12.846839439060528,-1.2584370046092772,12.152832199152954,continuous_delta_hedged,249,0.02574334440447594,25.743344404475938,47.174476978911926,0.626212785849322,7.958080349526133,4.4871147672554486,-17.33395420631598,0.0,97.99196787148594,1.6064257028112447,0.4016064257028112,0,244,0,0,1,5,rolling,0,always_in_w10,220,470,2025-09-10 04:00:00+00:00,2025-09-20 13:00:00+00:00
1003.3216514748051,3.321651474805094,1000.0,0.4016064257028112,89.1566265060241,1,1,0,0,0,4.313208858810168,-0.9915573840050415,-9.699021596015996,36.118109045434835,continuous_delta_hedged,249,0.0033216514748051268,3.3216514748051265,5.928502334685062,0.035293475874893857,1.58,-5.934984997982334,4.943427613977292,0.0,10.441767068273093,89.1566265060241,0.4016064257028112,0,248,0,0,1,1,rolling,0,always_in_w10_no_recenter,220,470,2025-09-10 04:00:00+00:00,2025-09-20 13:00:00+00:00
1013.8760391533348,13.876039153334773,1000.0,0.4016064257028112,0.4016064257028112,2,1,1,1,0,20.96084628300612,-7.084807129671395,-1.8103148820803199,13.76180556089912,continuous_delta_hedged,249,0.013876039153334725,13.876039153334725,24.64673820894233,0.5732552984523298,3.112636627483881,-7.765229838721094,0.6804227090497079,0.0,99.19678714859438,0.4016064257028112,0.4016064257028112,0,247,0,0,1,2,rolling,0,always_in_w20,220,470,2025-09-10 04:00:00+00:00,2025-09-20 13:00:00+00:00
1038.0869005460277,38.086900546027664,1000.0,0.4016064257028112,8.433734939759036,22,1,21,21,0,68.13421718684017,-30.047316640811836,-2.859325287390675,9.7288811029116,continuous_delta_hedged,249,0.03808690054602834,38.08690054602834,104.71698290889131,0.6212212849066439,35.9615444371445,50.93454845382175,-80.98186509463358,0.0,91.16465863453816,8.433734939759036,0.4016064257028112,0,227,0,0,1,22,rolling,0,always_in_w4,220,470,2025-09-10 04:00:00+00:00,2025-09-20 13:00:00+00:00
1038.034986880347,38.034986880347105,1000.0,0.4016064257028112,3.614457831325301,10,1,9,9,0,60.015225926390514,-21.980239046043025,-0.0030633758947260503,9.258919101890001,continuous_delta_hedged,249,0.03803498688034749,38.03498688034749,76.80837286207998,0.5671835472764765,16.225963388412993,13.698178145257216,-35.67841719130024,0.0,95.98393574297188,3.614457831325301,0.4016064257028112,0,239,0,0,1,10,rolling,0,always_in_w6,220,470,2025-09-10 04:00:00+00:00,2025-09-20 13:00:00+00:00
913.045920078079,-86.954079921921,1000.0,15.66265060240964,0.8032128514056224,77,39,0,0,38,-60.99083297328272,-25.963246948638783,-0.0005817588887566671,7.383404556917867,continuous_delta_hedged,249,-0.0869540799219215,-86.9540799219215,45.35178593931619,0.47147853891493374,105.87114037368399,7.859914438779276,-33.823161387418054,0.0,83.53413654618474,0.8032128514056224,15.66265060240964,0,172,38,0,39,39,rolling,1,shipped_dqn,244,494,2025-09-11 04:00:00+00:00,2025-09-21 13:00:00+00:00
1029.2537505319801,29.25375053198013,1000.0,0.4016064257028112,1.2048192771084338,4,1,3,3,0,39.38182136341105,-10.128070831430835,-1.3197905437681356,8.916137768699855,continuous_delta_hedged,249,0.02925375053198021,29.25375053198021,46.29681161180804,0.5944416522741423,6.320548596122855,8.447531398486246,-18.57560222991708,0.0,98.39357429718876,1.2048192771084338,0.4016064257028112,0,245,0,0,1,4,rolling,1,always_in_w10,244,494,2025-09-11 04:00:00+00:00,2025-09-21 13:00:00+00:00
1018.0650475372375,18.065047537237547,1000.0,0.4016064257028112,44.97991967871486,1,1,0,0,0,20.417027827214866,-2.3519802899773117,-1.646579761757721,29.06887016016617,continuous_delta_hedged,249,0.01806504753723756,18.065047537237554,22.122525992971482,0.1254981657566115,1.58,-7.027228215324862,4.6752479253475485,0.0,54.61847389558233,44.97991967871486,0.4016064257028112,0,248,0,0,1,1,rolling,1,always_in_w10_no_recenter,244,494,2025-09-11 04:00:00+00:00,2025-09-21 13:00:00+00:00
1011.8896462310829,11.889646231082907,1000.0,0.4016064257028112,0.4016064257028112,2,1,1,1,0,19.129118113958118,-7.23947188287516,-8.478303600344361,15.24691532126974,continuous_delta_hedged,249,0.011889646231082957,11.889646231082956,23.087020749869932,0.852877257661552,3.1050253782502626,8.83865288724039,-16.07812477011555,0.0,99.19678714859438,0.4016064257028112,0.4016064257028112,0,247,0,0,1,2,rolling,1,always_in_w20,244,494,2025-09-11 04:00:00+00:00,2025-09-21 13:00:00+00:00
1029.6043996401904,29.604399640190422,1000.0,0.4016064257028112,6.827309236947792,18,1,17,17,0,67.98405807333747,-38.37965843314694,-2.9508890683886193,9.792008203165665,continuous_delta_hedged,249,0.029604399640190522,29.60439964019052,98.14340061793345,0.6330064020871309,29.526336142508857,37.417389665254376,-75.79704809840132,0.0,92.7710843373494,6.827309236947792,0.4016064257028112,0,231,0,0,1,18,rolling,1,always_in_w4,244,494,2025-09-11 04:00:00+00:00,2025-09-21 13:00:00+00:00
1002.250245800913,2.250245800913035,1000.0,0.4016064257028112,2.8112449799196786,8,1,7,7,0,57.91773820846565,-55.667492407552515,-0.0004273171805380116,9.13950169006614,continuous_delta_hedged,249,0.0022502458009131367,2.2502458009131425,71.41458132642059,0.503477631217395,12.993365486737531,-13.113075147228365,-42.55441726032416,0.0,96.78714859437751,2.8112449799196786,0.4016064257028112,0,241,0,0,1,8,rolling,1,always_in_w6,244,494,2025-09-11 04:00:00+00:00,2025-09-21 13:00:00+00:00
890.5749063399098,-109.42509366009017,1000.0,17.269076305220885,1.2048192771084338,85,43,0,0,42,-61.94730139019033,-47.47779226990032,-1.6085139915577429,14.441514854892148,continuous_delta_hedged,249,-0.10942509366009065,-109.42509366009064,59.54326918672463,0.46352032061435294,121.02705025630061,19.732486586335412,-67.21027885623573,0.0,81.52610441767068,1.2048192771084338,17.269076305220885,0,164,42,0,43,43,rolling,2,shipped_dqn,268,518,2025-09-12 04:00:00+00:00,2025-09-22 13:00:00+00:00
1091.8975813236607,91.89758132366069,1000.0,0.4016064257028112,2.0080321285140563,6,1,5,5,0,41.66979381837285,50.22778750528766,-4.23445313539105,14.753202415103715,continuous_delta_hedged,249,0.09189758132366051,91.89758132366052,52.97223323858039,0.8021583858040487,10.500281034403471,136.40321402062034,-86.17542651533267,0.0,97.59036144578313,2.0080321285140563,0.4016064257028112,0,243,0,0,1,6,rolling,2,always_in_w10,268,518,2025-09-12 04:00:00+00:00,2025-09-22 13:00:00+00:00
955.8209188109322,-44.1790811890678,1000.0,0.4016064257028112,22.08835341365462,1,1,0,0,0,34.55917504780621,-78.73825623687385,-29.748591884775124,33.7107733450697,continuous_delta_hedged,249,-0.04417908118906766,-44.179081189067645,36.604022574695634,0.4648475268894288,1.58,-17.125925006350442,-61.61233123052341,0.0,77.51004016064257,22.08835341365462,0.4016064257028112,0,248,0,0,1,1,rolling,2,always_in_w10_no_recenter,268,518,2025-09-12 04:00:00+00:00,2025-09-22 13:00:00+00:00
1007.2853999602739,7.285399960273935,1000.0,0.4016064257028112,0.4016064257028112,2,1,1,1,0,24.490989482715904,-17.20558952244183,-0.3711424502174623,16.38846102768946,continuous_delta_hedged,249,0.007285399960274072,7.285399960274071,28.380613227287157,0.5707964996476677,3.318827244923585,33.101833149653004,-50.307422672094845,0.0,99.19678714859438,0.4016064257028112,0.4016064257028112,0,247,0,0,1,2,rolling,2,always_in_w20,268,518,2025-09-12 04:00:00+00:00,2025-09-22 13:00:00+00:00
987.0683886184991,-12.931611381500943,1000.0,0.4016064257028112,6.827309236947792,18,1,17,17,0,69.6789616250779,-82.6105730065785,-1.7827961223238162,23.355838264096292,continuous_delta_hedged,249,-0.012931611381500624,-12.931611381500622,101.0965109993294,0.6554453721444508,30.762104002107048,45.85437027872958,-128.4649432853081,0.0,92.7710843373494,6.827309236947792,0.4016064257028112,0,231,0,0,1,18,rolling,2,always_in_w4,268,518,2025-09-12 04:00:00+00:00,2025-09-22 13:00:00+00:00
981.5192871821878,-18.48071281781222,1000.0,0.4016064257028112,3.2128514056224895,9,1,8,8,0,64.82160639924199,-83.30231921705403,-1.1830892818790062,12.024073923375909,continuous_delta_hedged,249,-0.018480712817812044,-18.48071281781204,81.02588680302074,0.524194334670755,15.680086069107997,4.468030377901941,-87.77034959495597,0.0,96.3855421686747,3.2128514056224895,0.4016064257028112,0,240,0,0,1,9,rolling,2,always_in_w6,268,518,2025-09-12 04:00:00+00:00,2025-09-22 13:00:00+00:00
884.2169881266152,-115.7830118733848,1000.0,16.06425702811245,0.4016064257028112,80,40,1,1,39,-64.74672063358236,-51.03629123980343,-0.011229309650616415,8.851789530248084,continuous_delta_hedged,249,-0.11578301187338577,-115.78301187338579,52.3604741564559,0.49709137673230464,116.61010341330595,39.83223787295467,-90.8685291127581,0.0,83.53413654618474,0.4016064257028112,16.06425702811245,0,169,39,0,40,41,rolling,3,shipped_dqn,292,542,2025-09-13 04:00:00+00:00,2025-09-23 13:00:00+00:00
997.160019748861,-2.839980251138968,1000.0,0.4016064257028112,2.0080321285140563,6,1,5,5,0,33.7935323182789,-36.63351256941762,-0.5018316147305768,21.405454913381504,continuous_delta_hedged,249,-0.0028399802511387337,-2.839980251138728,44.59403715614864,0.7490398694231426,10.051464968446595,82.33124772566276,-118.9647602950804,0.0,97.59036144578313,2.0080321285140563,0.4016064257028112,0,243,0,0,1,6,rolling,3,always_in_w10,292,542,2025-09-13 04:00:00+00:00,2025-09-23 13:00:00+00:00
1003.0888273662703,3.088827366270266,1000.0,0.4016064257028112,78.714859437751,1,1,0,0,0,4.503435714245721,-1.4146083479754945,-51.68664623042298,57.52742532605487,continuous_delta_hedged,249,0.003088827366270227,3.088827366270227,7.333442725739785,1.2500070114940647,1.58,108.33641298539413,-109.75102133336964,0.0,20.883534136546185,78.714859437751,0.4016064257028112,0,248,0,0,1,1,rolling,3,always_in_w10_no_recenter,292,542,2025-09-13 04:00:00+00:00,2025-09-23 13:00:00+00:00
1019.3981603752723,19.398160375272255,1000.0,0.4016064257028112,0.8032128514056224,3,1,2,2,0,18.36188078830922,1.0362795869631691,-0.2566305512460758,19.315138738356723,continuous_delta_hedged,249,0.019398160375272394,19.39816037527239,23.93101775420762,0.7190864005413855,4.850050565357009,94.75817158749378,-93.7218920005306,0.0,98.79518072289156,0.8032128514056224,0.4016064257028112,0,246,0,0,1,3,rolling,3,always_in_w20,292,542,2025-09-13 04:00:00+00:00,2025-09-23 13:00:00+00:00
997.9164631042488,-2.0835368957511946,1000.0,0.4016064257028112,6.024096385542169,16,1,15,15,0,71.20846389788517,-73.29200079363659,-4.284110218577553e-06,23.319204165955625,continuous_delta_hedged,249,-0.0020835368957514205,-2.083536895751429,100.01922166835125,0.664039865760576,28.146717904705497,72.29774903027804,-145.58974982391464,0.0,93.57429718875501,6.024096385542169,0.4016064257028112,0,233,0,0,1,16,rolling,3,always_in_w4,292,542,2025-09-13 04:00:00+00:00,2025-09-23 13:00:00+00:00
1007.1982239207805,7.198223920780492,1000.0,0.4016064257028112,2.4096385542168677,7,1,6,6,0,68.6534599895687,-61.45523606878778,-1.205047844382534,12.255917882582594,continuous_delta_hedged,249,0.007198223920780927,7.198223920780926,82.50672840186574,0.670184955441026,13.183083456856009,37.731020263866235,-99.18625633265401,0.0,97.18875502008032,2.4096385542168677,0.4016064257028112,0,242,0,0,1,7,rolling,3,always_in_w6,292,542,2025-09-13 04:00:00+00:00,2025-09-23 13:00:00+00:00
893.2628735260597,-106.7371264739403,1000.0,13.253012048192772,0.4016064257028112,67,33,1,1,33,-44.46206798003295,-62.27505849390754,-0.01753267682374826,8.922183693393436,continuous_delta_hedged,249,-0.10673712647394049,-106.73712647394048,53.481573726933306,0.43629746537854086,97.5073442415877,14.626939993599638,-76.90199848750717,0.0,86.34538152610442,0.4016064257028112,13.253012048192772,0,182,33,0,33,34,rolling,4,shipped_dqn,316,566,2025-09-14 04:00:00+00:00,2025-09-24 13:00:00+00:00
1021.4577530808193,21.457753080819316,1000.0,0.4016064257028112,1.6064257028112447,5,1,4,4,0,41.04114132970267,-19.58338824888354,-7.357581096374929,14.066007772927605,continuous_delta_hedged,249,0.021457753080819125,21.457753080819128,50.59685989133291,0.8798382039431786,8.675880357687069,76.39068255375916,-95.9740708026427,0.0,97.99196787148594,1.6064257028112447,0.4016064257028112,0,244,0,0,1,5,rolling,4,always_in_w10,316,566,2025-09-14 04:00:00+00:00,2025-09-24 13:00:00+00:00
1031.945011615109,31.945011615109024,1000.0,0.4016064257028112,56.62650602409639,1,1,0,0,0,18.31395025345596,13.631061361653003,-50.83749268836152,53.36997635369676,continuous_delta_hedged,249,0.03194501161510897,31.945011615108967,20.853388442260755,0.959438188804792,1.58,110.71302523106183,-97.08196386940881,0.0,42.971887550200805,56.62650602409639,0.4016064257028112,0,248,0,0,1,1,rolling,4,always_in_w10_no_recenter,316,566,2025-09-14 04:00:00+00:00,2025-09-24 13:00:00+00:00
1009.3561159256592,9.356115925659196,1000.0,0.4016064257028112,0.4016064257028112,2,1,1,1,0,22.52287651939581,-13.166760593736695,-6.762884344426311,20.622471809174158,continuous_delta_hedged,249,0.00935611592565911,9.35611592565911,26.75026896594288,0.9467760549772244,3.2806163915698505,65.06092591575434,-78.22768650949104,0.0,99.19678714859438,0.4016064257028112,0.4016064257028112,0,247,0,0,1,2,rolling,4,always_in_w20,316,566,2025-09-14 04:00:00+00:00,2025-09-24 13:00:00+00:00
998.5587162452738,-1.4412837547262143,1000.0,0.4016064257028112,4.819277108433735,13,1,12,12,0,75.58585744452907,-77.02714119925508,-1.349632319961188,23.27823797008523,continuous_delta_hedged,249,-0.0014412837547260159,-1.4412837547260136,98.99158092611376,0.6498955133096724,22.755827968275018,50.935734860535284,-127.96287605979035,0.0,94.77911646586345,4.819277108433735,0.4016064257028112,0,236,0,0,1,13,rolling,4,always_in_w4,316,566,2025-09-14 04:00:00+00:00,2025-09-24 13:00:00+00:00
1002.3294896613531,2.3294896613531364,1000.0,0.4016064257028112,2.0080321285140563,6,1,5,5,0,70.0651436221851,-67.73565396083191,-4.175690037774416,12.19087415959632,continuous_delta_hedged,249,0.002329489661353181,2.329489661353172,81.80934673481335,0.6606507648679385,11.083552347760307,22.16860067725834,-89.90425463809026,0.0,97.59036144578313,2.0080321285140563,0.4016064257028112,0,243,0,0,1,6,rolling,4,always_in_w6,316,566,2025-09-14 04:00:00+00:00,2025-09-24 13:00:00+00:00
904.8809748814789,-95.11902511852111,1000.0,16.46586345381526,0.8032128514056224,82,41,1,1,40,-51.38882117017355,-43.73020394834698,-2.0527562266385075,9.174296774876439,continuous_delta_hedged,249,-0.09511902511852054,-95.11902511852054,69.48663071800118,0.5123121367808015,120.36313975139393,49.65042601653117,-93.38062996487815,0.0,82.73092369477911,0.8032128514056224,16.46586345381526,0,167,40,0,41,42,rolling,5,shipped_dqn,340,590,2025-09-15 04:00:00+00:00,2025-09-25 13:00:00+00:00
998.763011455323,-1.2369885446770468,1000.0,0.4016064257028112,2.4096385542168677,7,1,6,6,0,41.85432171773868,-43.09131026241549,-11.505903166084295,14.022459844170385,continuous_delta_hedged,249,-0.0012369885446768328,-1.2369885446768265,55.1459341636834,0.850978843628947,12.44063360231577,87.32027964661518,-130.41158990903068,0.0,97.18875502008032,2.4096385542168677,0.4016064257028112,0,242,0,0,1,7,rolling,5,always_in_w10,340,590,2025-09-15 04:00:00+00:00,2025-09-25 13:00:00+00:00
983.5998527822753,-16.40014721772468,1000.0,0.4016064257028112,66.26506024096386,1,1,0,0,0,12.410254769873225,-28.810401987597892,-71.23389826312291,71.23389826312291,continuous_delta_hedged,249,-0.01640014721772467,-16.400147217724665,14.95041015590987,0.960155386036645,1.58,110.79578520054426,-139.60618718814214,0.0,33.33333333333333,66.26506024096386,0.4016064257028112,0,248,0,0,1,1,rolling,5,always_in_w10_no_recenter,340,590,2025-09-15 04:00:00+00:00,2025-09-25 13:00:00+00:00
973.0661195274507,-26.933880472549276,1000.0,0.4016064257028112,0.8032128514056224,3,1,2,2,0,23.720124585968733,-50.65400505851798,-2.076232499284629,19.6837154070613,continuous_delta_hedged,249,-0.026933880472549254,-26.933880472549255,29.486036002635053,0.9142258513346241,4.851685565331698,60.926170525787285,-111.58017558430527,0.0,98.79518072289156,0.8032128514056224,0.4016064257028112,0,246,0,0,1,3,rolling,5,always_in_w20,340,590,2025-09-15 04:00:00+00:00,2025-09-25 13:00:00+00:00
972.6912568366174,-27.308743163382587,1000.0,0.4016064257028112,6.024096385542169,16,1,15,15,0,80.06933328277862,-107.37807644616139,-5.510418945135029,22.692392333829503,continuous_delta_hedged,249,-0.027308743163382766,-27.30874316338278,109.1954916737196,0.6009549795319988,28.525203411408985,48.807792069584906,-156.18586851574628,0.0,93.57429718875501,6.024096385542169,0.4016064257028112,0,233,0,0,1,16,rolling,5,always_in_w4,340,590,2025-09-15 04:00:00+00:00,2025-09-25 13:00:00+00:00
980.1397276242861,-19.860272375713862,1000.0,0.4016064257028112,2.8112449799196786,8,1,7,7,0,73.47217987621616,-93.33245225192988,-1.1737673534559008,13.876883074407374,continuous_delta_hedged,249,-0.01986027237571373,-19.860272375713727,88.75626688902531,0.6461832036153345,14.637903809193817,29.534901713695973,-122.86735396562585,0.0,96.78714859437751,2.8112449799196786,0.4016064257028112,0,241,0,0,1,8,rolling,5,always_in_w6,340,590,2025-09-15 04:00:00+00:00,2025-09-25 13:00:00+00:00
912.6396391108244,-87.36036088917558,1000.0,13.253012048192772,2.8112449799196786,70,33,5,5,32,-11.724048221314007,-75.63631266786163,-0.814947445899179,12.274357178976288,continuous_delta_hedged,249,-0.08736036088917563,-87.36036088917564,90.04290647478793,0.4928073069777338,101.2741473891242,22.864799509492947,-98.50111217735457,0.0,83.93574297188755,2.8112449799196786,13.253012048192772,0,179,32,0,33,38,rolling,6,shipped_dqn,364,614,2025-09-16 04:00:00+00:00,2025-09-26 13:00:00+00:00
961.5050956881631,-38.494904311836876,1000.0,0.4016064257028112,2.0080321285140563,6,1,5,5,0,51.50119329869467,-89.99609761053168,-0.3466512043376042,13.229861509158809,continuous_delta_hedged,249,-0.03849490431183703,-38.494904311837026,61.55977379280473,0.48400075805260434,9.574579736057455,22.70079736126811,-112.6968949717998,0.0,97.59036144578313,2.0080321285140563,0.4016064257028112,0,243,0,0,1,6,rolling,6,always_in_w10,364,614,2025-09-16 04:00:00+00:00,2025-09-26 13:00:00+00:00
892.2247123702786,-107.77528762972145,1000.0,0.4016064257028112,43.77510040160642,1,1,0,0,0,20.68236373866129,-128.4576513683827,-55.328827062253254,71.71815727593412,continuous_delta_hedged,249,-0.10777528762972143,-107.7752876297214,22.727418806408586,0.4650550677472959,1.58,-17.133571232181456,-111.32408013620125,0.0,55.82329317269076,43.77510040160642,0.4016064257028112,0,248,0,0,1,1,rolling,6,always_in_w10_no_recenter,364,614,2025-09-16 04:00:00+00:00,2025-09-26 13:00:00+00:00
958.5999830865462,-41.40001691345378,1000.0,0.4016064257028112,0.8032128514056224,3,1,2,2,0,29.6076395830682,-71.00765649652195,-0.019954440775450166,17.211377989501216,continuous_delta_hedged,249,-0.04140001691345374,-41.40001691345374,35.054838294570104,0.6032251996679829,4.843973511833923,18.33941248884569,-89.34706898536763,0.0,98.79518072289156,0.8032128514056224,0.4016064257028112,0,246,0,0,1,3,rolling,6,always_in_w20,364,614,2025-09-16 04:00:00+00:00,2025-09-26 13:00:00+00:00
986.9653131286791,-13.0346868713209,1000.0,0.4016064257028112,7.630522088353414,20,1,19,19,0,96.23204132524623,-109.26672819656713,-3.5773410003997697,23.368296447110424,continuous_delta_hedged,249,-0.013034686871320917,-13.034686871320913,130.61909029068295,0.6297206074100425,33.75732835802667,61.13118620240044,-170.3979143989676,0.0,91.96787148594377,7.630522088353414,0.4016064257028112,0,229,0,0,1,20,rolling,6,always_in_w4,364,614,2025-09-16 04:00:00+00:00,2025-09-26 13:00:00+00:00
972.8143863875598,-27.185613612440193,1000.0,0.4016064257028112,3.2128514056224895,9,1,8,8,0,87.16408813540671,-114.34970174784686,-2.8381960846204493,16.978726596567867,continuous_delta_hedged,249,-0.027185613612440162,-27.185613612440168,103.26274779340963,0.6278504889007762,15.470809169102136,10.305250563053987,-124.65495231090085,0.0,96.3855421686747,3.2128514056224895,0.4016064257028112,0,240,0,0,1,9,rolling,6,always_in_w6,364,614,2025-09-16 04:00:00+00:00,2025-09-26 13:00:00+00:00
918.9474674429783,-81.05253255702166,1000.0,13.654618473895583,3.614457831325301,72,34,5,5,33,-10.863871069067574,-70.188661487954,-0.024535323684858668,12.45083584788722,continuous_delta_hedged,249,-0.08105253255702156,-81.05253255702155,91.36644216955978,0.5012684528199971,101.72904478580735,19.37616586916574,-89.56482735711973,0.0,82.73092369477911,3.614457831325301,13.654618473895583,0,177,33,0,34,39,rolling,7,shipped_dqn,388,638,2025-09-17 04:00:00+00:00,2025-09-27 13:00:00+00:00
1006.2983966457973,6.298396645797311,1000.0,0.4016064257028112,2.8112449799196786,8,1,7,7,0,48.97862938301982,-42.68023273722235,-3.3938694909553533,13.784568821835137,continuous_delta_hedged,249,0.006298396645797479,6.29839664579746,63.4402155943079,0.7714350669353788,13.690151144352713,72.00403769552292,-114.68427043274528,0.0,96.78714859437751,2.8112449799196786,0.4016064257028112,0,241,0,0,1,8,rolling,7,always_in_w10,388,638,2025-09-17 04:00:00+00:00,2025-09-27 13:00:00+00:00
982.2314152579781,-17.768584742021858,1000.0,0.4016064257028112,56.22489959839358,1,1,0,0,0,14.644645252556638,-32.41322999457846,-46.57703876192102,69.7037994802489,continuous_delta_hedged,249,-0.01776858474202188,-17.768584742021844,17.392341352176857,1.1676960996202168,1.58,61.63751093722149,-94.05074093179996,0.0,43.373493975903614,56.22489959839358,0.4016064257028112,0,248,0,0,1,1,rolling,7,always_in_w10_no_recenter,388,638,2025-09-17 04:00:00+00:00,2025-09-27 13:00:00+00:00
1080.375675868683,80.37567586868295,1000.0,0.4016064257028112,0.8032128514056224,3,1,2,2,0,28.88286718412382,51.49280868455908,-2.0221533641392853,18.661810362224855,continuous_delta_hedged,249,0.0803756758686829,80.37567586868289,34.680777106454414,0.6926722440707231,5.105237678259874,140.70494241845387,-89.2121337338948,0.0,98.79518072289156,0.8032128514056224,0.4016064257028112,0,246,0,0,1,3,rolling,7,always_in_w20,388,638,2025-09-17 04:00:00+00:00,2025-09-27 13:00:00+00:00
1030.8305848066889,30.830584806688876,1000.0,0.4016064257028112,7.630522088353414,20,1,19,19,0,94.95656924810555,-64.12598444141663,-0.13960371128382576,23.232158982698024,continuous_delta_hedged,249,0.03083058480668891,30.830584806688925,128.54421262082386,0.623599690059381,32.964043682658904,93.5547542425227,-157.68073868393935,0.0,91.96787148594377,7.630522088353414,0.4016064257028112,0,229,0,0,1,20,rolling,7,always_in_w4,388,638,2025-09-17 04:00:00+00:00,2025-09-27 13:00:00+00:00
1003.3295774279245,3.329577427924505,1000.0,0.4016064257028112,4.016064257028113,11,1,10,10,0,82.77055315275274,-79.4409757248279,-0.5916464778960062,17.472489766249055,continuous_delta_hedged,249,0.0033295774279248486,3.329577427924839,101.8670535568082,0.672511149988356,18.42398925406711,45.63857110339826,-125.07954682822617,0.0,95.58232931726907,4.016064257028113,0.4016064257028112,0,238,0,0,1,11,rolling,7,always_in_w6,388,638,2025-09-17 04:00:00+00:00,2025-09-27 13:00:00+00:00
928.5149216929717,-71.48507830702829,1000.0,12.449799196787147,4.016064257028113,65,31,4,4,30,-1.2119169276479553,-70.27316137938014,-0.028331952060966614,14.967647756563792,continuous_delta_hedged,249,-0.0714850783070281,-71.4850783070281,92.32368376608723,0.4862587268920341,93.04934196684314,23.348457086583785,-93.62161846596393,0.0,83.53413654618474,4.016064257028113,12.449799196787147,0,184,30,0,31,35,rolling,8,shipped_dqn,412,662,2025-09-18 04:00:00+00:00,2025-09-28 13:00:00+00:00
979.7946079283213,-20.205392071678716,1000.0,0.4016064257028112,2.4096385542168677,7,1,6,6,0,44.098464171300044,-64.3038562429789,-2.221396839082331,13.511939132305088,continuous_delta_hedged,249,-0.02020539207167886,-20.20539207167885,56.857362773765345,0.709010641850476,12.049887960614829,54.776922504466484,-119.08077874744538,0.0,97.18875502008032,2.4096385542168677,0.4016064257028112,0,242,0,0,1,7,rolling,8,always_in_w10,412,662,2025-09-18 04:00:00+00:00,2025-09-28 13:00:00+00:00
968.6491557032244,-31.350844296775563,1000.0,0.4016064257028112,75.50200803212851,1,1,0,0,0,3.0584629092316273,-34.40930720600721,-59.39546193724459,79.1406839911541,continuous_delta_hedged,249,-0.03135084429677557,-31.35084429677559,5.578308499882663,0.9398455906510348,1.58,88.96909099346412,-123.37839819947135,0.0,24.096385542168676,75.50200803212851,0.4016064257028112,0,248,0,0,1,1,rolling,8,always_in_w10_no_recenter,412,662,2025-09-18 04:00:00+00:00,2025-09-28 13:00:00+00:00
1009.4640020911197,9.46400209111971,1000.0,0.4016064257028112,0.8032128514056224,3,1,2,2,0,25.528288606624077,-16.064286515504214,-0.47190566840629344,18.184387796696683,continuous_delta_hedged,249,0.009464002091119854,9.464002091119855,31.350842693991886,0.9019182430999731,4.920635844267838,83.36615666329149,-99.43044317879571,0.0,98.79518072289156,0.8032128514056224,0.4016064257028112,0,246,0,0,1,3,rolling,8,always_in_w20,412,662,2025-09-18 04:00:00+00:00,2025-09-28 13:00:00+00:00
1073.144416514963,73.14441651496304,1000.0,0.4016064257028112,6.425702811244979,17,1,16,16,0,95.72078485551116,-22.576368340548086,-0.862513854026929,21.321915244396564,continuous_delta_hedged,249,0.07314441651496306,73.14441651496307,126.06621738132358,0.659359272255152,29.686073253557307,128.6565036398876,-151.23287198043568,0.0,93.17269076305222,6.425702811244979,0.4016064257028112,0,232,0,0,1,17,rolling,8,always_in_w4,412,662,2025-09-18 04:00:00+00:00,2025-09-28 13:00:00+00:00
1009.1922034068637,9.192203406863655,1000.0,0.4016064257028112,3.614457831325301,10,1,9,9,0,74.24915423314302,-65.05695082627906,-1.444737370238954,19.33967971954985,continuous_delta_hedged,249,0.009192203406863959,9.192203406863957,91.87078154875124,0.7652797412145617,16.856347574393673,70.40184111022174,-135.4587919365008,0.0,95.98393574297188,3.614457831325301,0.4016064257028112,0,239,0,0,1,10,rolling,8,always_in_w6,412,662,2025-09-18 04:00:00+00:00,2025-09-28 13:00:00+00:00
934.1894294623953,-65.81057053760469,1000.0,13.654618473895583,4.417670682730924,75,34,7,7,34,-18.94503838841373,-46.86553214919084,-0.0014706155125168152,12.739391709753932,continuous_delta_hedged,249,-0.06581057053760457,-65.81057053760458,87.98642844251015,0.5401923154943628,106.3912745154295,51.691706677356684,-98.55723882654752,0.0,81.92771084337349,4.417670682730924,13.654618473895583,0,174,34,0,34,41,rolling,9,shipped_dqn,436,686,2025-09-19 04:00:00+00:00,2025-09-29 13:00:00+00:00
1022.1458009540275,22.14580095402755,1000.0,0.4016064257028112,2.4096385542168677,7,1,6,6,0,47.82643787974281,-25.680636925714964,-1.0622857068121903,17.688202608757024,continuous_delta_hedged,249,0.022145800954027857,22.14580095402785,59.79672066493798,0.6191509708318342,11.351131814363336,88.64692577115326,-114.3275626968682,0.0,97.18875502008032,2.4096385542168677,0.4016064257028112,0,242,0,0,1,7,rolling,9,always_in_w10,436,686,2025-09-19 04:00:00+00:00,2025-09-29 13:00:00+00:00
997.3769056221124,-2.6230943778875826,1000.0,0.4016064257028112,72.69076305220884,1,1,0,0,0,3.918883211535634,-6.5419775894231345,-38.22137035667447,82.09854458291795,continuous_delta_hedged,249,-0.0026230943778875015,-2.6230943778875,6.620063413990945,1.121180202455311,1.58,66.40171788527404,-72.94369547469717,0.0,26.907630522088354,72.69076305220884,0.4016064257028112,0,248,0,0,1,1,rolling,9,always_in_w10_no_recenter,436,686,2025-09-19 04:00:00+00:00,2025-09-29 13:00:00+00:00
1000.6287251722861,0.6287251722860674,1000.0,0.4016064257028112,0.8032128514056224,3,1,2,2,0,28.81873747599631,-28.19001230371004,-11.504127457077175,20.5390240773703,continuous_delta_hedged,249,0.0006287251722862704,0.6287251722862717,34.51983472420169,0.7242240821925351,4.9768731660128385,58.83177935604174,-87.02179165975178,0.0,98.79518072289156,0.8032128514056224,0.4016064257028112,0,246,0,0,1,3,rolling,9,always_in_w20,436,686,2025-09-19 04:00:00+00:00,2025-09-29 13:00:00+00:00
1082.3648961889758,82.36489618897576,1000.0,0.4016064257028112,6.425702811244979,17,1,16,16,0,104.88977690423684,-22.524880715261318,-2.610770248926201,21.16036444718543,continuous_delta_hedged,249,0.08236489618897555,82.36489618897554,134.04428484132393,0.6549152212075982,28.499592715879494,112.12543010468566,-134.65031081994698,0.0,93.17269076305222,6.425702811244979,0.4016064257028112,0,232,0,0,1,17,rolling,9,always_in_w4,436,686,2025-09-19 04:00:00+00:00,2025-09-29 13:00:00+00:00
1081.1396477708495,81.13964777084948,1000.0,0.4016064257028112,3.614457831325301,10,1,9,9,0,82.55477516870175,-1.4151273978520749,-1.836582081665938,22.930492668717307,continuous_delta_hedged,249,0.08113964777084967,81.13964777084968,100.17917988143775,0.8789728810190414,16.745431831716946,116.5753006543922,-117.99042805224428,0.0,95.98393574297188,3.614457831325301,0.4016064257028112,0,239,0,0,1,10,rolling,9,always_in_w6,436,686,2025-09-19 04:00:00+00:00,2025-09-29 13:00:00+00:00
905.2534853742955,-94.74651462570455,1000.0,16.46586345381526,4.016064257028113,85,41,4,4,40,-27.71712370204884,-67.02939092365543,-0.4587971838902831,20.1030753836327,continuous_delta_hedged,249,-0.09474651462570427,-94.74651462570426,93.21710653044747,0.5029218770034631,120.43130835549286,4.111484690874848,-71.14087561453027,0.0,79.51807228915662,4.016064257028113,16.46586345381526,0,164,40,0,41,45,rolling,10,shipped_dqn,460,710,2025-09-20 04:00:00+00:00,2025-09-30 13:00:00+00:00
987.8256510878929,-12.17434891210712,1000.0,0.4016064257028112,2.4096385542168677,7,1,6,6,0,50.062382786586035,-62.23673169869304,-0.4125846771320312,15.171770312893273,continuous_delta_hedged,249,-0.012174348912107003,-12.174348912106998,62.26895033106296,0.6102120664789931,11.596355477997928,29.403308214588808,-91.64003991328184,0.0,97.18875502008032,2.4096385542168677,0.4016064257028112,0,242,0,0,1,7,rolling,10,always_in_w10,460,710,2025-09-20 04:00:00+00:00,2025-09-30 13:00:00+00:00
965.1034523519498,-34.89654764805016,1000.0,0.4016064257028112,81.52610441767068,1,1,0,0,0,3.439948180145573,-38.33649582819565,-31.143692286595865,74.07042996508335,continuous_delta_hedged,249,-0.034896547648050044,-34.896547648050046,5.61431989080538,0.5943717106598063,1.58,21.795772159686322,-60.13226798788196,0.0,18.072289156626507,81.52610441767068,0.4016064257028112,0,248,0,0,1,1,rolling,10,always_in_w10_no_recenter,460,710,2025-09-20 04:00:00+00:00,2025-09-30 13:00:00+00:00
1014.5400587901155,14.540058790115495,1000.0,0.4016064257028112,1.2048192771084338,4,1,3,3,0,24.953791747853092,-10.413732957737485,-0.21435235002957143,25.612718632327528,continuous_delta_hedged,249,0.014540058790115606,14.540058790115605,31.806253296075614,0.5398655634992942,6.312595984723227,88.50588968923238,-98.91962264696986,0.0,98.39357429718876,1.2048192771084338,0.4016064257028112,0,245,0,0,1,4,rolling,10,always_in_w20,460,710,2025-09-20 04:00:00+00:00,2025-09-30 13:00:00+00:00
1065.862063222737,65.8620632227371,1000.0,0.4016064257028112,7.228915662650602,19,1,18,18,0,107.57281364448542,-41.71075042174829,-0.06982607062832358,21.21848282604924,continuous_delta_hedged,249,0.06586206322273713,65.86206322273715,139.3057036576261,0.6948163717362759,31.038073641404416,92.44973794820243,-134.1604883699507,0.0,92.3694779116466,7.228915662650602,0.4016064257028112,0,230,0,0,1,19,rolling,10,always_in_w4,460,710,2025-09-20 04:00:00+00:00,2025-09-30 13:00:00+00:00
1077.2372487572916,77.23724875729158,1000.0,0.4016064257028112,4.016064257028113,11,1,10,10,0,86.71370882734149,-9.476460070049605,-0.9866144012200948,17.60738618550033,continuous_delta_hedged,249,0.07723724875729189,77.2372487572919,105.64724825112768,0.7670157117728489,18.166523712013337,93.36930429526649,-102.84576436531609,0.0,95.58232931726907,4.016064257028113,0.4016064257028112,0,238,0,0,1,11,rolling,10,always_in_w6,460,710,2025-09-20 04:00:00+00:00,2025-09-30 13:00:00+00:00
