liquidityNet,price0,price1,tickIdx
424426779527518,0.000000000000000000000000000000000000002954278418582885262890650958806081,338492131855223783697272027725930700000,-887220
0,0.000000000000000000000000000000000000002972056481062021427395145623545054,336467360688469975957440017642336300000,-887160
0,0.00000000000000000000000000004162996298223842575375831733794469,24021159961796113442192818915.13979,-653520
0,0.00000000000000000000000000006002744493468779987572563420450479,16659046559253671095905882105.40863,-649860
0,0.000000000000000001000604118149093065438891743868424,999396246589299915.3216344427830165,-414480
0,0.0000000000000002557823158980122981012910088077057,3909574422645889.682098375835896795,-359040
0,0.0000000000000002953968051494408506460825396874707,3385276964976318.314212472346057123,-357600
0,0.000000000000003851396786837370694323637495533669,259646059688688.7464728974512711158,-331920
0,0.00000000000000455591999394373136529058607473719,219494635842885.4059206991314863563,-330240
0,0.00000000000003339238538409089686353632119510268,29946947140722.35973546166879210991,-310320
75194928945195,0.00000000000008668494246028041141446575593708878,11536028883657.69315899036856586636,-300780
0,0.0000000000001335209769353018358488288884542725,7489459880783.783545641368782312184,-296460
0,0.0000000000001343244706938114815451432257660165,7444659895809.076991623288659665398,-296400
0,0.0000000000001409289547365885791393690157865792,7095773908698.236550437741655329683,-295920
0,0.0000000000001478581689588035393076044548775743,6763238088513.198564407668048557577,-295440
0,0.0000000000001514495091581331396002094879619443,6602860620405.635780256440241873497,-295200
0,0.0000000000001542001442462772161966554288400066,6485078239634.28324895313989470795,-295020
0,0.0000000000001570007365342180216367559022720533,6369396870836.028467042557083419489,-294840
0,0.0000000000001588959994465731666844801925603708,6293424651866.315551003188809428935,-294720
0,0.0000000000001687210731819856187788847198993087,5926941911526.260912081726709188,-294120
0,0.000000000000169736391765944631151675038601416,5891488499289.736957333957445685351,-294060
0,0.0000000000001717853954540315671673465534157485,5821216625295.671339210146267741466,-293940
0,0.0000000000001780820140126317367981786733942221,5615390220873.556993301181002995183,-293580
0,0.0000000000001791536642510157074961924434298016,5581800429149.360942874841569798698,-293520
0,0.0000000000001835051435153175438156688808746062,5449438532585.480289310406033517423,-293280
0,0.0000000000001846094287059540657085652819824902,5416841420341.537356430854909639555,-293220
0,0.0000000000001890934235177097112458313723208007,5288391216346.792296578772146281244,-292980
0,0.0000000000001995846580483503142992528971580839,5010405157282.907666574119981884674,-292440
0,0.0000000000002032095266037829872962524572009273,4921029130439.319715019009238611397,-292260
0,0.0000000000002056626073199072489344890188278024,4862332599160.840914546861957542227,-292140
0,0.0000000000002081453008455311056346770976622244,4804336182165.940408227084488465083,-292020
0,0.0000000000002106579646570639944220185805180841,4747031528705.444538054775156097977,-291900
0,0.0000000000002170731292060590046716450219303918,4606742454294.005386035441034440229,-291600
0,0.0000000000002223456377228471214960079501335508,4497502223301.97315256639254201777,-291360
0,0.0000000000002291167268438558939319814631152854,4364587491167.786331741941076276918,-291060
0,0.0000000000002418285243854900665434447625203251,4135161484945.160249171434871748668,-290520
0,0.0000000000002462206285803890887650105444433277,4061398128035.02735505097829665889,-290340
0,0.0000000000002491929256275655302760510881927442,4012955012593.586914828213341529581,-290220
0,0.0000000000002537187825204576100801869005495584,3941371584972.700856049158496680154,-290040
0,0.0000000000002598813805656461783766482404051536,3847909372435.396367151164114333887,-289800
0,0.000000000000264601361819549121276870387860972,3779270042767.098833562778918061651,-289620
0,0.0000000000002661936625021465764883560582575979,3756663440445.11591099233526978518,-289560
0,0.0000000000002776113179564156534481892527775636,3602158612845.164076908541284050161,-289140
0,0.0000000000002809625534129331065229399856446374,3559193165967.17894025526911775049,-289020
0,0.0000000000002843542439170606247929898402535059,3516740197806.494615819583070867692,-288900
0,0.0000000000002930136804017083328365109716954551,3412809936481.620278370925934721188,-288600
0,0.000000000000305581707809900453321350177893085,3272447186603.49501909043386256971,-288180
0,0.0000000000003111317011540140028794755790064062,3214072999604.073619563869173371998,-288000
0,0.000000000000313004009054164205227858685197023,3194847257777.307374545763033516417,-287940
0,0.0000000000003206065912326351530821404536528331,3119087465280.433395824669523637517,-287700
0,0.0000000000003323580990196003572110917150895156,3008802863386.89880730079996472553,-287340
0,0.0000000000003343581417415898673223820825004493,2990804993685.047798928836671235089,-287280
0,0.0000000000003445403463454382935943391558457011,2902417701169.295807261056926851475,-286980
0,0.0000000000003529089174215894624379029512656822,2833592325482.065772602307349087455,-286740
0,0.0000000000003550326295077288813519899084019231,2816642519270.839313538604580051518,-286680
0,0.0000000000003593184703912541025871381809947347,2783046468251.747959424011799927997,-286560
0,0.0000000000003838323234788351494935540861125179,2605304292605.103842633484841166935,-285900
0,0.0000000000003931552608776859053708954901534068,2543524402465.286823300516883425131,-285660
0,0.0000000000004002957703561910474195054534341858,2498152801140.467552649395582576281,-285480
0,0.0000000000004250474033326128890079490970515491,2352678765143.446174679919633783692,-284880
0,0.000000000000430178440277484711031108631443375,2324616731965.819574482590174288437,-284760
0,0.0000000000004763700653254146034002895327226767,2099208310490.473325999505812028701,-283740
0,0.000000000000502799911407488655805291051583667,1988862721158.200449987731808164667,-283200
-80762620027436,0.0000000000005058256276647242378025446610441454,1976965865918.578442479003223652457,-283140
0,0.0000000000007163541028048636690984439243643279,1395957664072.18031479740437126004,-279660
0,0.0000000000007980483639425807527028126873020879,1253056888757.621190202725587794286,-278580
8871664439891,0.0000000000008028508069304522918999655015068727,1245561431050.072971810977729414773,-278520
0,0.000000000000873200067831783467234576872397249,1145212920657.541390378333351019251,-277680
0,0.0000000000008890591799470960377779201144750409,1124784516661.203090639505765951195,-277500
0,0.000000000000910653617339436729152552114730826,1098112367819.498079943809574084362,-277260
0,0.0000000000009327725639397240393946766336862069,1072072698811.304458306937177511476,-277020
0,0.0000000000009964092859029634050036743229348203,1003603653787.492182493981224353778,-276360
98383728534771,0.000000000001002405412208510304633823031144294,997600359915.0460742437634054727482,-276300
190834581054451,0.000000000001020611159554230145756837145333088,979805081140.5663722183290899624884,-276120
0,0.000000000001032931652574448104735595182768876,968118265625.4455615728883584008927,-276000
0,0.000000000001058020621233894635585692998322446,945161162202.8412945240850503856595,-275760
0,0.000000000001077236455348664094963792885514297,928301298229.2125158345088005642175,-275580
0,0.000000000001096801288597586260754245656791819,911742181921.24825325128908945996,-275400
0,0.00000000000110340154729806387792800309745274,906288379283.8004523384862815683968,-275340
0,0.000000000001116721459523912072134877428522162,895478448516.8991728718863965993056,-275220
0,0.000000000001137003421791895967526826509955852,879504828951.1907040543379174984953,-275040
0,0.000000000001143845606246976574512884492128623,874243861705.3027747060370349170348,-274980
3695142117547258,0.00000000000122188240495615855307561312686539,818409362426.2313938674245203776522,-274320
0,0.00000000000124407430663574078526134345776945,803810507673.1525043252126179743276,-274140
0,0.00000000000126666925896746324122061698628738,789472068513.8904616428344169590944,-273960
0,0.000000000001305243123186925425246086001588623,766140791884.3245318356291863948355,-273660
0,0.000000000001320999602663336174933313324034138,757002498701.625542273481492572222,-273540
289375116090862,0.000000000001336946289344121521896274938458648,747973204286.74776971777884167532,-273420
0,0.000000000001344991676845076928181246660463233,743499024726.8163227488326161668779,-273360
0,0.000000000001353085479350102755153614187901298,739051608535.7058182212145848539279,-273300
0,0.000000000001369419496520140778952508881414363,730236426851.7572325535448783211157,-273180
7232010853785789,0.000000000001385950692745739463336290138259366,721526389960.436844435684315779065,-273060
155431576336642,0.000000000001402681448309688219843609328844224,712920243726.7973325542807372878935,-272940
0,0.000000000001454095306955165226595795615916558,687712830938.1397714271526872824433,-272580
0,0.000000000001462845666113956993329843449354834,683599113128.9301030235130865144242,-272520
0,0.000000000001471648682608923088171591187727407,679510002500.8758651772305376004343,-272460
0,0.000000000001480504673317919912053715580004688,675445351860.2723607475511399067777,-272400
0,0.000000000001489413957025690601402427533079919,671405014893.889034089916330524682,-272340
3395160885458418,0.000000000001498376854435340165792406352573978,667388846163.7027056366227649830413,-272280
0,0.000000000001507393688179879679930839487138902,663396701101.662310887066811260341,-272220
0,0.000000000001534771062945916180118952510457461,651562975184.4226780232393079089525,-272040
0,0.000000000001544006907366196301254921356625851,647665496332.4119966470058630735312,-271980
0,0.000000000001553298330643945815116714465597192,643791331176.821175414684967770438,-271920
0,0.000000000001572049253619718035792894575327279,636112384963.4179891989281060483396,-271800
0,0.000000000001591026531768548082447064696106786,628525030873.2584502403719382443209,-271680
130042135847482330,0.000000000001600600906651370587463789916413527,624765358962.6583786936002316485774,-271620
0,0.000000000001610232897578027965374072249129426,621028176423.4930711032156456999313,-271560
0,0.000000000001619922851266561635022100001297355,617313348730.2402060142920787369525,-271500
518874042246308,0.000000000001639478044246264466253415844586287,609950223798.0510178123626174882182,-271380
0,0.00000000000164934398745610019608184468173205,606301661512.3268966084268263202122,-271320
186931651463,0.000000000001659269301290483968267934354552158,602674923969.3988628249763484254334,-271260
0,0.00000000000166925434302605768670317311785643,599069880619.378819694652671292968,-271200
0,0.000000000001679299472089459146712373121098769,595486401693.2938657088415200195581,-271140
0,0.000000000001689405050070260139007366981082007,591924358198.4150647064378506653599,-271080
0,0.0000000000016995714407339824117122400463203,588383621913.6141580349589002483517,-271020
0,0.000000000001709799010035191958989283537486881,584864065384.7480516418560221141174,-270960
0,0.000000000001720088126130672107614337882000833,581365561920.0709119536765410863612,-270900
0,0.000000000001730439159392675875686646600723571,577887985585.6737053945468240344584,-270840
0,0.000000000001740852482422258080511861153277587,574431211200.9510173833229523360104,-270780
0,0.000000000001751328470062687675567528922424684,570995114334.0949876307213632223361,-270720
0,0.000000000001761867499412940799348363352128819,567579571297.6161995338339445196154,-270660
0,0.000000000001772469949841275021793941105101768,564184459143.8913624356854577460911,-270600
0,0.000000000001783136202998885276924300556094465,560809655660.7376264819407536304602,-270540
0,0.000000000001793866642833641973249334198607235,557455039367.0133707655497486961395,-270480
0,0.00000000000180466165560391177647598045983914,554120489508.2453064030640607610391,-270420
0,0.000000000001815521629892461562013134473315921,550805886052.281737133604857759072,-270360
0,0.000000000001826446956620446037768019673243091,547511109684.9718209730409557338325,-270300
1493753724194992,0.000000000001837438029061479540739600416374923,544236041805.8706773918834017604828,-270240
892284744434902,0.000000000001848495242855792513944578621735727,540980564523.9701854157513867499102,-270180
0,0.000000000001859618996024473173259713713957117,537744560653.455318972047840881208,-270120
0,0.000000000001870809688983794876830744686727445,534527913709.4858667257347597716426,-270060
0,0.000000000001882067724559629712783186253602777,531330507904.0033845608512822788243,-270000
20110461791905,0.000000000001893393508001948824073828873184349,528152228141.5632297727046829542666,-269940
3053296231593928,0.000000000001904787446999409992444006641670269,524992960015.1915269385184487965323,-269880
725707414725863,0.00000000000191624995169403300657672002756866,521852589802.266916331774980677543,-269820
0,0.00000000000192778143469596334271962524677564,518731004460.4269366375754998249871,-269760
1379826508814990,0.000000000001939382311098324689214842487534331,515628091623.4988946130885609837615,-269700
0,0.000000000001951052998492160849574605624755725,512543739597.4550752186030962112399,-269640
0,0.000000000001962793916981467561959091631167233,509477837356.3921466208738656100257,-269580
2238383481325300,0.00000000000197460548919831477614944441088689,506430274538.5346153413781127986276,-269520
0,0.000000000001986488140318059932365161758353536,503400941442.2621876878234640373729,-269460
7924892882325941,0.000000000001998442298074652789550762792249624,500389729022.160894467789833605677,-269400
317269214487902186,0.000000000002010468392776032354052114445646911,497396528885.0978368387832808008386,-269340
948586977817300,0.000000000002022566857319616462918088035183815,494421233286.3194119992581970376276,-269280
0,0.000000000002034738127207884579398459922598664,491463735125.5728782703564920267318,-269220
1920229011669151,0.000000000002046982640564054361564283878497243,488523927943.2511199582490198699927,-269160
466437212988644,0.000000000002059300838147852568352467740399973,485601705916.5604732220755811143115,-269100
423398571455883,0.00000000000207169316337138087073210483128662,482696963855.7114750025955164376837,-269040
0,0.000000000002084160062315077139106363608621143,479809597200.1323978918110529659384,-268980
444973726796736,0.000000000002096701983743772781500550120375705,476939502014.7054346440398777614926,-268920
1889165010300745,0.000000000002109319379122846710544450767080476,474086574986.0253968442214196371568,-268860
3305646460459003,0.000000000002122012702634476520735362065077571,471250713418.6807930596723683701207,-268800
-867824357789864,0.000000000002134782411193987460967444782578837,468431815231.557152607090222311755,-268740
157145649247745,0.000000000002147628964466299790833327936904891,465629778954.1624618673681294922276,-268680
0,0.000000000002160552824882475112745360416496621,462844503722.9745808767587983303578,-268620
2039476409641329,0.000000000002173554457656362275486691905577016,460075889277.8105087141384542815818,-268560
0,0.00000000000218663433080134344838658859048115,457323835958.2173669906021891029899,-268500
4731079954516203,0.000000000002199792915147180968920181834207406,454588244699.8849715293979004312711,-268440
0,0.000000000002213030684356965570160339415620505,451869017031.0798631013054922580301,-268380
3254279098040227,0.000000000002226348114944166598158669618981716,449166055069.1006688530190745148608,-268320
2207409828396093,0.000000000002239745686289784833003949790895773,446479261516.7546668339203678891566,-268260
5258251200494355,0.000000000002253223880659608530999645108656836,443808539658.8554267898690273966489,-268200
203585729326089,0.000000000002266783183221573309117783174919499,441153793358.7414011513076190234094,-268140
0,0.000000000002280424082063226496624409417237274,438514927054.8153408971128274621892,-268080
3031651017358310,0.000000000002294147068209296582532301680785101,435891845757.1044117252472857907287,-268020
0,0.000000000002307952635639368391319705221707008,433284455043.8408867064051836767964,-267960
1276394625474353,0.000000000002321841281305664623159697714776916,430692661058.0632923375263517400394,-267900
0,0.000000000002335813505150934398733544879683742,428116370504.237885648304498003452,-267840
1240812698359133,0.000000000002349869810126449452553198726918122,425555490644.9003407456621903918678,-267780
0,0.000000000002364010702210108622593060877988279,423009929297.317523908634380915031,-267720
0,0.00000000000237823669042465128792942241093302,420479594830.1692370692199388596399,-267660
0,0.00000000000239254828685598041000773954562265,417964396160.2498102335528317195834,-267600
19200066187061267,0.000000000002406946006671595837103252383373472,415464242749.1894241122371377247611,-267540
238382573443371,0.000000000002421430368139138535509543870696784,412979044600.1950449389087119232404,-267480
5766912149038053,0.000000000002436001892645046414982611040938603,410508712254.810854162056624220152,-267420
923653902868850,0.000000000002450661104713322419985024133295218,408053156789.6980563968848550453126,-267360
0,0.000000000002465408532024415562315925994313629,405612289813.4339497215444328650242,-267300
1035840138245992,0.000000000002480244705434215574778119700759498,403186023463.3301430954433369253424,-267240
-75914221906715178,0.000000000002495170158993161869623452948302001,400774270402.2698063665710275703088,-267180
0,0.000000000002510185429965467489632280652126176,398376943815.5638390198812150759789,-267120
826665077049512,0.000000000002525291058848458743822120513596179,395993957407.8258444997850976303951,-267060
0,0.000000000002540487589392031223944859023003644,393625225399.8657976167423038032923,-267000
964643205817920,0.000000000002555775568618222902121167390441073,391270662525.6022932208225318839073,-266940
76972724908797132,0.000000000002571155546840905014175299025186408,388930184028.9932649939716093584351,-266880
0,0.000000000002586628077685591437473314126392077,386603705660.9850638775754772013817,-266820
0,0.000000000002602193718109367276333165324997736,384291143676.4797863127983681978826,-266760
2569310866617267,0.000000000002617853028420937372366134667718681,381992414831.320743128100985668951,-266700
0,0.000000000002633606572300795461425991021747078,379707436379.2959605613444459081235,-266640
405581113470672,0.000000000002649454916821514703185093596004009,377436126069.1596055529796300744389,-266580
268988875720380,0.000000000002665398632468160313725658049070887,375178402141.6712280920327643364986,-266520
0,0.000000000002681438293158825035929683853722166,372934183326.6527140379497360748053,-266460
57043618841902778,0.000000000002697574476265288186872773428089341,370703388840.0628424788769453461041,-266400
0,0.000000000002713807762633799025875414190816041,368485938381.0893423206583329185366,-266340
83403626569455,0.00000000000273013873660598519134040427684674,366281752129.2583434307394300536611,-266280
849281310556718,0.000000000002746567986039886959007142250046113,364090750741.5611182873125154447229,-266220
525846300081602,0.000000000002763096102331118078782632826378617,361912855349.5980107064347802902624,-266160
3595371614328026,0.000000000002779723680434153951865447409814162,359747987556.7394488385261975364235,-266100
34805611056259614,0.000000000002796451318883747914462684156480693,357596069435.303940240627835992559,-266040
1771440280034667,0.000000000002813279619816476399011362321866209,355457023523.7529474420967912311738,-265980
16367726551833881,0.000000000002830209188992413748454825805020247,353330772823.9025430290527274260792,-265920
2529853135327320,0.000000000002847240635816937463791788075566383,351217240798.1517438768951104376466,-265860
40663587612845,0.000000000002864374573362664669810793051677902,349116351366.7274247606013045594406,-265800
507643293883804,0.00000000000288161161839152058864626299872072,347028028904.9457121693154153791797,-265740
9035916793809935,0.000000000002898952391376939815544125164812207,344952198240.489759744967571884625,-265680
12143565015225145,0.000000000002916397516526201196005424710033023,342888784650.7038073543446064634779,-265620
3586921198407755,0.00000000000293394762180289710828551459874014,340837713859.9034263901870382722183,-265560
13668880017000281,0.000000000002951603338949537960064536623162591,338798912036.7018544795349930774733,-265500
-13796415340461433,0.000000000002969365303510292712972145766769968,336772305791.352323356708174388734,-265440
2371445280049803,0.00000000000298723415485386625354595790136199,334757822173.1062842340030843301008,-265380
39443098574491985,0.000000000003005210536196514434129194600338173,332755388667.5874355754451013621422,-265320
6536619404835991,0.000000000003023295094625197612168635960746897,330764933194.1814587477643548233923,-265260
0,0.000000000003041488481120873521359451144114583,328786384103.4413675881930692563688,-265200
1980489101756980,0.000000000003059791350581930313098936329828571,326819670174.50837849072853807529,-265140
3335904854168165,0.000000000003078204361847760611756831464038351,324864720612.5482081711903580329674,-265080
4811635341735316,0.000000000003096728177722477432345892207132028,322921465046.2027068267431238428734,-265020
98417695787652266,0.000000000003115363464998772814282944552295354,320989833525.0567349575764366024747,-264960
1395259490620457,0.000000000003134110894481920030067930524477063,319069756517.1201926671526911616878,-264900
429696479820919,0.000000000003152971141013920232876649097442826,317161164906.3251108028694282397662,-264840
1400489146497286,0.000000000003171944883497794412262193023501114,315263989990.0377138411567007181519,-264780
35572574019454518,0.000000000003191032804922021532390666812449447,313378163476.5853649599604264845968,-264720
97204772054742256,0.000000000003210235592385123732498831906098974,311503617482.7983042772694820922029,-264660
80118522689158328,0.000000000003229553937120399474555051588204376,309640284531.5660917668466158996171,-264600
83157269895342718,0.000000000003248988534520805528430490902424744,307788097549.4086668916402944997537,-264540
3286089629658082,0.000000000003268540084163988690245157525452417,305946989864.0619375215053956891591,-264480
390460180905675,0.000000000003288209289837468134943241014667556,304116895202.0778112248641645701385,-264420
7792539461333903,0.000000000003307996859563969309574514136160181,302297747686.4385825438138829129351,-264360
32736592310836102,0.000000000003327903505626910279213496263801333,300489481834.1855903789529793216026,-264300
45142849870611562,0.000000000003347929944596041442935841481900562,298692032554.0620601238714307903071,-264240
16377447411905524,0.000000000003368076897353239542792200563151636,296905335144.1700456998527653814812,-264180
10116248838642543,0.000000000003388345089118456894273815159080267,295129325289.6413871488821508732273,-264120
430552948468718364,0.000000000003408735249475826772351534257004635,293363939060.3225999475662152366761,-264060
4365241201203212,0.000000000003429248112399925892790998353632936,291609112908.4736127060635523549138,-264000
34644055236318798,0.000000000003449884416282194934101618209219992,289864783666.4802704146183724915602,-263940
1222001761316280,0.000000000003470644903957518051165886033672566,288130888544.5805208958014056847679,-263880
27789552245374276,0.000000000003491530322730962337318702298062237,286407365128.6042026131097941704954,-263820
581411585512111,0.000000000003512541424404678197403987074924226,284694151377.7263524761790471221588,-263760
32922230398704961,0.000000000003533678965304961600128078141472395,282991185622.2339527695328013707984,-263700
2452961714131929,0.000000000003554943706309479183856507531619912,281298406561.3060368155576538575192,-263640
990488665698485,0.000000000003576336412874657195862903550335733,279615753260.8070734632581190938357,-263580
19161874887744531,0.000000000003597857855063235250936197484511786,277943165151.0935509723381274269877,-263520
158304627392495237,0.000000000003619508807571985901185235645132978,276280582024.8336813372876234463214,-263460
19441925105486106,0.000000000003641290049759601014848521520585753,274627944034.8401465684428515216368,-263400
36385142124155556,0.000000000003663202365674745967921354560040276,272985191691.9158089164538280268512,-263340
2413548563905353,0.000000000003685246544084282658453307581532005,271352265862.7123074932491963701031,-263280
115014153764752117,0.000000000003707423378501662359446011454876649,269729107767.6014642064539395360979,-263220
31582513060115784,0.000000000003729733667215489432394812296617633,268115658978.5594223853059829785072,-263160
-218567448749348,0.000000000003752178213318256929668253000958062,266511861417.0634419344501560296492,-263100
111329078446444894,0.00000000000377475782473525512010672890951205,264917657352.0012753075787908887866,-263040
20831521662122320,0.000000000003797473314253653978446299518444871,263332989397.5930490457538243876653,-262980
32664935299882951,0.0000000000038203254995517606854357283991798,261757800511.3255760754019306921343,-262920
84798979929299284,0.000000000003843315203228453191814597381715618,260192033991.8990244084381569499501,-262860
79923203164979638,0.000000000003866443252832790905658025287585454,258635633477.1858683317608657767288,-262800
15100841533436619,0.000000000003889710480893803568969344237098431,257088542942.2020486154875191753376,-262740
25776893244098735,0.000000000003913117724950459395816277300096073,255550706697.0902687087828830273951,-262680
94794472306025284,0.000000000003936665827581813550758950899496571,254022069385.1153543289844094979952,-262620
8035591618333403,0.000000000003960355636437338052809696190287564,252502575980.6716042839695917453682,-262560
91682876140172469,0.000000000003984188004267434196695279299044403,250992171787.3020607993526123510396,-262500
-30133599787066598,0.000000000004008163788954128589762185902376805,249490802435.7296280511581615069628,-262440
106825585729514974,0.000000000004032283853541953909475107643483324,247998413881.8999680311143278958866,-262380
49087175401207655,0.000000000004056549066269015493108074253934736,246514952405.036103295649316675661,-262320
26692593976916373,0.000000000004080960300598244877916985314365673,245040364605.7046565710836854896784,-262260
-511582460129623,0.000000000004105518435248841416811860144734481,243574597403.8936576063959801524645,-262200
15480400963725201,0.000000000004130224354227903101317185603040882,242117598037.1018480813201750418104,-262140
-30272689140375099,0.000000000004155078946862247730419543289436512,240669314058.4394157914231675117762,-262080
-18012636139093063,0.000000000004180083107830425570753484965605698,239229693334.740089743224639413597,-262020
14885728267186317,0.000000000004205237737194924660469644547552402,237798684044.6845282013746915437148,-261960
8436834043303355,0.000000000004230543740434569916063574938138132,236376234676.9349321364114994133362,-261900
824581171304709,0.000000000004256002028477117208420027851660117,234962294028.2808169256964639788985,-261840
22272205793090834,0.000000000004281613517732043581345605766354636,233556811201.7958755617824841849173,-261780
45226872246712368,0.000000000004307379130123534792923159853048329,232159735605.0058670217265176408642,-261720
166757610307932401,0.000000000004333299793123671367124240320616338,230771016948.0674638477248932873781,-261660
-17154416580220925,0.000000000004359376439785814350261581772213134,229390605241.957993383943181341183,-261600
-53286242863866960,0.00000000000438561000877819197405228309981006,228018450796.6760075065460115254517,-261540
-13474458300884787,0.000000000004412001444417688434294277925673017,226654504219.4526160737201760328386,-261480
3740271963942652,0.000000000004438551696703836001434147952504706,225298716412.9735197099406898370909,-261420
-610134660915888,0.000000000004465261721353011686623569700084579,223951038573.6116779238681549411982,-261360
-16872804593676134,0.000000000004492132479832839694224968452381046,222611422189.6705489421006505729759,-261300
-135481998527355278,0.000000000004519164939396800899134546867775203,221279819039.6378380215482289315456,-261240
-61861409985409121,0.000000000004546360073119050594743026263728543,219956181190.4496913814666341365218,-261180
-102843060595490755,0.000000000004573718859929445764851454328068655,218640460995.7652732721926968823966,-261120
-81445062403759609,0.000000000004601242284648783140401563798445645,217332611094.251664071380523850812,-261060
-40140888829764753,0.000000000004628931338024249309467683979802482,216032584407.879017670058553118035,-261000
-286919379720458598,0.000000000004656787016765084156590383961033926,214740334140.2259167801261580711072,-260940
-24921269069013384,0.000000000004684810323578458915211137814101396,213455813774.7948651619980461742964,-260880
-132032654721408580,0.00000000000471300226720557012469262433292247,212178977073.3378561359984292502009,-260820
-2122359745899385,0.00000000000474136386245795079118108507999105,210909778074.1919571038179736573461,-260760
-72413938148917586,0.000000000004769896130254000059385744413974985,209648171090.6248501668879281890073,-260700
-449935894111691053,0.00000000000479860009765573271021592521305798,208394110709.1902692869105529174406,-260640
-186998378267402662,0.000000000004827476797905749807129457321759446,207147551788.0932747900259341624389,-260580
-3934929482563906,0.000000000004856527270464431822006557172429141,205908449455.5653063702052927038954,-260520
-16522815981751499,0.000000000004885752561047355579371843119708265,204676759108.2489560994527210092121,-260460
3389429007038941,0.000000000004915153721662936365843830054511336,203452436409.5924033022835910846988,-260400
-92763109769444029,0.000000000004944731810650296559796408845826624,202235437288.2534534997412522709237,-260340
-71144545442913591,0.000000000004974487892717362144370752851389032,201025717936.5131239739266072324449,-260280
-148094048286121291,0.000000000005004423038979188475179098655296277,199823234808.6987188476601590023125,-260220
-4756951355420627,0.000000000005034538326996516682294216611453137,198627944619.6163369154855322513839,-260160
-10528507846338664,0.000000000005064834840814562094420415752787526,197439804342.9927558017695839878954,-260100
-4449997328208950,0.000000000005095313671002036081493916011540374,196258771209.9266363591692551283745,-260040
-6309684284879009,0.000000000005125975914690402720362669128009631,195084802707.3489915562314241795939,-259980
15182613645882999,0.000000000005156822675613371696648520555531519,193917856576.4928644363812843214141,-259920
-1641582184459044,0.000000000005187855064146628864398282369888849,192757890811.3721600620491799309346,-259860
76654440286820,0.000000000005219074197347805893685137764451374,191604863657.2695766871973406808467,-259800
-89805684807592091,0.000000000005250481198996690444928129102927126,190458733609.2335817290484020427474,-259740
1446966538399366,0.000000000005282077199635678317355603507515215,189319459410.5843784353987906420234,-259680
-18152977706178135,0.000000000005313863336610469027748714243660917,188187000051.428809467533701230713,-259620
12828301290116472,0.000000000005345840754111006284363716261183235,187061314767.1841439404581487498436,-259560
1812057685041838,0.000000000005378010603212664829747165589721569,185942363037.1106947819320240390542,-259500
-1358522122038856,0.000000000005410374041917685135026552186818029,184830104582.8532135896577259463661,-259440
453059495487748,0.000000000005442932235196857437180683531666892,183724499366.9910104819282277680475,-259380
-1508333910341480,0.000000000005475686355031456619769612899827299,182625507591.5967467511127355386683,-259320
-19004520710389036,0.000000000005508637580455429446633394929828983,181533089696.803848441547715092822,-259260
0,0.000000000005541787097597835667152776831667459,180447206359.3824892837242418048298,-259200
-419485302963051,0.000000000005575136099725544520803423375694294,179367818491.3240917251295320318303,-259140
-12593693350080184,0.00000000000560868578728618817792875659208237,178294887238.4342951047222522705426,-259080
-2837767706588810,0.000000000005642437367951373662905297839165763,177228373978.9343403228088082005544,-259020
21264651950709333,0.000000000005676392056660154815178863488266834,176168240322.0708206610522624168385,-258960
1268989532414119,0.000000000005710551075662765853010420851331028,175114448106.7337487084977224135395,-258900
546322463866116,0.000000000005744915654564618114187195089501238,174066959400.0828896488488196973431,-258840
-55891149103286184,0.000000000005779487030370561557428069657027407,173025736496.1823114617900423647157,-258780
-5716688558270135,0.000000000005814266447529412617742783366808575,171990741914.6431028869298981991368,-258720
54463252988233304,0.000000000005849255157978750018592239474708134,170961938399.2742102929508203870218,-258660
-25418061134263127,0.000000000005884454421189980153342751397330828,169939288916.7413448868039666815118,-258600
-12068592546521488,0.000000000005919865504213673658210603006857473,168922756655.2339119882911253217496,-258540
139918445278735,0.000000000005955489681725174808655248180837403,167912305023.1399143841422843735955,-258480
-22432922116531550,0.00000000000599132823607048538100016582053587,166907897647.7287820627364399760476,-258420
-291198193262916413,0.000000000006027382457312424630940176399128624,165909498373.8420809159352456583383,-258360
0,0.000000000006063653643277067050533269898666401,164917071262.5920532781144100324775,-258300
-43863275277503331,0.000000000006100143099600459575274050520369389,163930580590.0679434543965429256047,-258240
-29844294045041904,0.000000000006136852139775619922905130737541735,162949990846.0500616703215784880532,-258180
99362339428856373,0.00000000000617378208519981775574256820127356,161975266732.7315401537470553854601,-258120
-4135483587875590,0.000000000006210934265222140368472097982181106,161006373163.4477353366604359054162,-258060
193395224600435698,0.000000000006248310017191344613614836104900801,160043275261.4132304398192647506592,-258000
-3146902774708151,0.000000000006285910686503996787164686979382867,159085938358.4663929767222119009452,-257940
-99395902362806971,0.000000000006323737626652902207265248046287218,158134327993.8214419853647603899703,-257880
-7163301051037,0.000000000006361792199275826229221942856960978,157188409912.8279800665572784382843,-257820
-412846643061596,0.000000000006400075774204508450635804270927366,156248150065.7379455762901868273587,-257760
-2839647453984338,0.000000000006438589729513971870999150103764587,155313514606.4799405867305692066161,-257700
-11986462404626024,0.000000000006477335451572128780710724296395195,154384469891.4408904959364898485488,-257640
4705635202049939,0.000000000006516314335089685165149099689973773,153460982478.2549914302890373490435,-257580
0,0.000000000006555527783170345420188638265488548,152543019124.5999018459772038842776,-257520
0,0.000000000006594977207361319186352468044349809,151630546787.0001349966365810294178,-257460
36589197538495806,0.000000000006634664027704132119672151873762545,150723532619.6376091934488914786044,-257400
0,0.00000000000667458967278574242826438350837344,149821943973.1693130416649117927372,-257340
-310448368312505,0.000000000006714755579789965014641544573111347,148925748393.552043093627649240959,-257280
-11363262782229202,0.000000000006755163194549205074845688346805934,148034913620.8741716129549351143362,-257220
-5704015456326317,0.000000000006795813971596503016634881421775961,147149407588.1944023976000516498586,-257160
-100372808026587,0.000000000006836709374217892570157233149374168,146269198420.3874728610547291663223,-257100
-2283366269028647,0.000000000006877850874505073975821778766689557,145394254432.9967608209998889484962,-257040
-63283699267209768,0.000000000006919239953408404145417061033970996,144524544131.0937546932548664265352,-256980
-4377413719275874,0.000000000006960878100790205703938185356689022,143660036208.1443460359344750489602,-256920
-18146215958913055,0.000000000007002766815478396831061715438139156,142800699544.8819036343040571875891,-256860
-12823500283763782,0.000000000007044907605320443832755443697346848,141946503208.1870885609344544923328,-256800
-279660551004203779,0.000000000007087301987237638385127228668457614,141097416449.9743698884104035047358,-256740
-20771459745559837,0.000000000007129951487279701404304158548910704,140253408706.0852009730459576509029,-256680
-218548493938017,0.000000000007172857640679715507890696678103122,139414449595.1878164678178363282483,-256620
-9708518721078580,0.00000000000721602199190938804538261423117803,138580508917.6836104610507361019604,-256560
-733582859917363,0.000000000007259446094734646686812843576098546,137751556654.6200563742861868368899,-256500
0,0.000000000007303131512271569570876320900561928,136927562966.6101294882470243932508,-256440
-7867187980565806,0.000000000007347079817042652025823859780433683,136108498192.7581931998814577855075,-256380
0,0.000000000007391292591033411888530541838220058,135294332849.592310346142458214353,-256320
-6646393628952779,0.000000000007435771425749335459332462642345131,134485037630.0029411614381655023895,-256260
-43847457389506606,0.000000000007480517922273166142487369263771246,133680583402.1879896655855194662658,-256200
-3129324298622605,0.000000000007525533691322537834450211814122571,132880941208.6041605076206551133017,-256140
-1240812698359133,0.000000000007570820353307955134564348873359873,132086082264.924588517973977229086,-256080
-13896009564389450,0.000000000007616379538391122465253542681715822,131295977959.0027034473134286885108,-256020
-224792455109534,0.000000000007662212886543624201359403714693651,130510599849.8422925948044155294188,-255960
-43939305561686,0.000000000007708322047605957920904047880461338,129729919666.5737242516372297099017,-255900
0,0.000000000007754708681346922902268867895550158,128953909307.436295107440648433914,-255840
-2245128916274329,0.000000000007801374457523366005567950963985823,128182540838.7666649876416698430907,-255780
-807846117206266,0.000000000007848321055940287088859258016893966,127415786493.9933425089540038518538,-255720
-2290577721513275,0.000000000007895550166511306122778678544301674,126653618672.6371854579898615986999,-255660
0,0.000000000007943063489319494180201955335070562,125896009939.3178799144986178677184,-255600
-380072977332193,0.000000000007990862734678570490637703904872232,125142933022.7663623559498514700457,-255540
2351918934299296,0.000000000008038949623194467762231803526417155,124394360814.8431491941048459151293,-255480
0,0.000000000008087325885827267987519784908637997,123650266369.5625384068675573562068,-255420
-45223731022163,0.000000000008135993263953510962399960884455088,122910622902.1226481400809833100651,-255360
-16911650429069,0.000000000008184953509428877761216421013916113,122175403787.9412573640454027872459,-255300
0,0.00000000000823420838465125142433812173354267,121444582561.6974138783886694710901,-255240
-203731105901301,0.00000000000828375966262415712819863643249011,120718132916.3787751665231424567287,-255180
-826665077049512,0.000000000008333609127020584121421173384203843,119996028702.334647807286406837912,-255120
-65179809409573,0.00000000000838375857224719172439571552250355,119278243926.3346913564910974423472,-255060
-1889165010300745,0.000000000008434209803508901703500079296323336,118564752750.6332528150102771625024,-255000
-3700204243373989,0.000000000008484964636873879345064827917363542,117855529492.0392980027062763376718,-254940
-51882358664430,0.000000000008536024899338905568173807874077293,117150548620.9919063589799673391515,-254880
-1279630968324180,0.000000000008587392428895142429468110280875607,116449784760.6412958909813810766063,-254820
0,0.000000000008639069074594294387281997151214134,115753212685.9353451895885783824678,-254760
-4648111421093269,0.0000000000086910566966151677066852867644693,115060807322.7115796311369348235662,-254700
-247620256409014,0.000000000008743357166330630401338374743819137,114372543746.7945890795726052531852,-254640
0,0.000000000008795972366374975122483994166248416,113688397183.098844599218984563326,-254580
0,0.000000000008848904190711687419904507981310173,113008343004.7368818826905114853976,-254520
-876104398066,0.000000000008902154544701621814265502340594673,112332356732.1328192916711686782357,-254460
0,0.00000000000895572534517158813494623539513853,111660414032.1411786003024686490515,-254400
-1853384963062521,0.000000000009009618520483350592225621124292444,110992490717.1709767218044935927732,-254340
0,0.000000000009063836010603042067549423417786118,110328562744.3150568886905489778615,-254280
0,0.000000000009118379767170996120550736742855578,109668606214.4846279455380255211949,-254220
0,0.000000000009173251753571999226532174308578207,109012597371.5489806007519310958087,-254160
-190834581054451,0.000000000009228453945005965773245013945901785,108360512601.4803496701100015076771,-254100
0,0.000000000009283988328559038361018410467287566,107712328431.5038915301160349988353,-254040
0,0.000000000009339856903275115965601218844191026,107068021529.2527461833177876955787,-253980
0,0.000000000009396061680227812538480536229996409,106427568701.928153520774044048322,-253920
0,0.000000000009452604682592848634935317063022917,105790946895.4645935487889259827777,-253860
-7293341405254424,0.000000000009509487945720878675670901947589913,105158133193.6999205278766759694006,-253800
0,0.00000000000956671351721075646356158882595439,104529104817.5504611516835523142279,-253740
0,0.00000000000962428345698324159280402859182218,103903839124.1910470722815805341718,-253680
-34704620452060,0.000000000009682199837355149403654814625531657,103282313606.2399522558681448513741,-253620
0,0.000000000009740464743113947151891728037645483,102664505890.9487058294621722968457,-253560
0,0.000000000009799080271592799078200272415133965,102050393739.3967512546883140804985,-253500
-1706834709219440,0.000000000009858048532746063078845961754704371,101439955045.6909228391913821734822,-253440
-252649258334325,0.000000000009917371649225241695248894702574897,100833167836.1697107696306330810897,-253380
-320168312291389,0.000000000009977051756455390156431042360851102,100230010268.6122860225735476189055,-253320
-5297879859756263,0.0000000000100370910027119842247589844507217,99630460631.45225668094773986153542,-253260
-1653223965963435,0.00000000001009749154919825061195614176757335,99034497342.99612735402370791735737,-253200
0,0.00000000001015825557012296274900946741231528,98442098950.64643356819644450641256,-253140
0,0.00000000001021938525277870471034667461148222,97853244130.12952316411655052173787,-253080
0,0.00000000001028088279762060610951199802771675,97267911684.72795690299749742397567,-253020
0,0.00000000001034275041834555080052181492226001,96686080544.51750065120108580705911,-252960
0,0.00000000001040499034197186223613680262277129,96107729765.60868167748393311299265,-252900
-1235527782037340,0.00000000001046760480891946835144529340620068,95532838529.39288176157994279743248,-252840
0,0.00000000001053059607309054885841372475509484,94961386141.79293997610307419752852,-252780
-2636574122376115,0.00000000001059396640195066785442519333087648,94393352032.51823816608722549633489,-252720
0,0.00000000001065771807661039466529673001264677,93828715754.3242423118415049169362,-252660
0,0.00000000001072185339190741586084064981984,93267456982.2764731211954060635297,-252600
0,0.00000000001078637465648914139871582710075955,92709555513.01887935664519586065325,-252540
0,0.00000000001085128419289580787010163946278546,92154991264.04658756139590699338132,-252480
0,0.00000000001091658433764408183862125380991105,91603744272.98300200582840595826014,-252420
0,0.00000000001098227744131116628194253865823518,91055794696.86122883251375350980619,-252360
-1360615017824059,0.000000000011048365868619413163594826615241,90511122811.40979853355312322261754,-252300
-149347732214923,0.00000000001111485199852144518075867142872672,89969709010.3426610487464991588054,-252240
-2709552996115852,0.00000000001118173822428578975211430115364287,89431533804.65342792689280479268178,-252180
-96291631001742,0.00000000001124902695358302832827332251389313,88896577821.91383614540355864193987,-252120
0,0.00000000001131672060857246412586804518571652,88364821805.57640833537711061308697,-252060
0,0.0000000000113848216259893114050342362281087,87836246614.28128431033645709652812,-252000
0,0.00000000001145333245723240942879685598059277,87310833221.16719894698599983000073,-251940
0,0.00000000001152225556845246426175504322864362,86788562713.18658161559680844894441,-251880
0,0.00000000001159159344064082158446298915805017,86269416290.42475250599134208873006,-251820
0,0.00000000001166134856971877371901805052850602,85753375265.42319134257252188866756,-251760
0,0.00000000001173152346662740408059719065660067,85240421062.50685412843383231814436,-251700
358806650940055,0.00000000001187314268334284319394477687258723,84223699375.1391000529074163089752,-251580
-513118696758006,0.00000000001201647148215988639152198341504437,83219104833.28140749317154552464029,-251460
0,0.00000000001208878341438835614957917398719115,82721309971.50435592801342231684061,-251400
0,0.00000000001216153050060944162681274855008711,82226492788.04898384032706172372534,-251340
0,0.00000000001223471535946423639988281348735136,81734635471.22443578894418161762075,-251280
0,0.00000000001230834062535212029200121846276654,81245720315.88472010121359029535931,-251220
0,0.00000000001238240894852558855209527682442415,80759729722.79138543820868996711138,-251160
0,0.00000000001245692299518565169077262342666491,80276646197.98000966159053623927933,-251100
-9160341745290,0.00000000001253188544757780940714819780860584,79796452352.13047819793768609866524,-251040
-645754669282823,0.00000000001268316637934274316758674804684312,78844664659.50604320202823140023811,-250920
0,0.00000000001275949030430083640610629697744982,78373036551.69755418375604243112554,-250860
0,0.00000000001299122893411176873975393537373591,76975011761.53136675551939635829012,-250680
-230468659421,0.00000000001306940669766263521635275155142558,76514567427.06173917902615773555319,-250620
0,0.00000000001314805491422028130583619948434946,76056877349.85422131463653612694934,-250560
0,0.00000000001322717641484588777442534776594812,75601925054.664146242726464258508,-250500
0,0.00000000001330677404763720927295897181189101,75149694164.79744018142042903948788,-250440
0,0.00000000001354845247768889413591442792061605,73809167626.10077812547019921585178,-250260
0,0.00000000001362998346445333697223516869378578,73367660541.03994376719423533307781,-250200
0,0.00000000001379452028591316608921083830296767,72492553512.07758642347515959166508,-250080
0,0.00000000001387753204335961310321734962775374,72058922067.37862456548988404713364,-250020
-237325712693317,0.00000000001396104334350356042292789602246008,71627884492.26656284521240346095322,-249960
0,0.00000000001404505719246021753379851538652424,71199425270.89374746448932696138759,-249900
0,0.00000000001412957661443479643342137198550696,70773528980.22425642220693247304513,-249840
0,0.00000000001421460465183137245956504471553683,70350180289.47872407358251920538272,-249780
0,0.00000000001430014436536240021375024533187212,69929363959.5824866033531546513455,-249720
0,0.0000000000145598644468307480186472233346115,68681958108.31675921392051791169129,-249540
0,0.00000000001491351028765853519401298559747182,67053294677.88250204196146084133151,-249300
-5228887997589463,0.00000000001500325582958495021419553360449711,66652199453.14123068622118136722859,-249240
-34805218556268142,0.00000000001518437035787374648779920593218376,65857192391.34977781362485662209937,-249120
0,0.00000000001527574586372675007940884759127667,65463251936.82129120247682996807727,-249060
0,0.00000000001555318487824654122822825374199916,64295512965.87811995427029442528341,-248880
0,0.00000000001564677981187762992209642980646103,63910914068.13878819434405700652223,-248820
0,0.00000000001593095756726458903163538080863324,62770865830.11369572591466580097414,-248640
0,0.00000000001602682583655220521951674932051022,62395386971.71781892448151273302431,-248580
-57043618841902778,0.00000000001622029657612527996352066357687158,61651153868.04357440205196182877288,-248460
0,0.0000000000165148905774555077752052690489831,60551415421.73466860117214466039981,-248280
0,0.0000000000166142728004292440017134332044682,60189212733.65417121754646723275497,-248220
0,0.0000000000169160222216250687075148561572351,59115552515.74581849179022533831852,-248040
559378351966433279,0.00000000001701781834824023147520880004741546,58761938783.02898974862319674002478,-247980
0,0.00000000001732689698793034811611478674007576,57713738397.39364361513550634373961,-247800
-130042135847482330,0.00000000001743116564970689881889977358649172,57368509949.12177763763306804091579,-247740
-358806650940055,0.00000000001774775152793033245808882826932764,56345165663.73271513328626386984393,-247560
0,0.00000000001807008725790233163523795520481202,55340075879.41692797756771792002004,-247380
0,0.00000000001817882824123474496707849691527137,55009046057.85954976580320502033776,-247320
0,0.00000000001828822359890898274755201922614546,54679996369.88563609881378469907513,-247260
0,0.00000000001873242788635278120687136682773093,53383363121.26066885483000359991057,-247020
0,0.00000000001884515465958265136890678396006026,53064037842.29522494955000414421661,-246960
-559378351966433279,0.00000000001895855979257880021478297436785075,52746622683.40885392196496270378025,-246900
0,0.0000000000193028862950285064318181470242637,51805724010.17312233308755848169947,-246720
0,0.00000000001953590459356624939021706067440641,51187801169.40832865180600283845696,-246600
0,0.00000000001965346647611131521922946082631658,50881609166.27581818767329927799675,-246540
0,0.00000000002001041391551443591689387176100222,49973978760.36346799453885991495639,-246360
0,0.00000000002049644863653167191441510284307306,48788939866.27802709943632157071243,-246120
-8871664439891,0.00000000002086870636859946323381476770977881,47918638670.61117767041237052027244,-245940
0,0.00000000002137558823124743525149250473625371,46782338300.20040866295645641202316,-245700
0,0.00000000002163362752774225636718327873913513,46224332868.70788115189140016418061,-245580
0,0.00000000002381329729175033238422981536054783,41993344632.13673208076124409253819,-244620
0,0.00000000002410076383601144855232679983500059,41492460853.28616766380040717552625,-244500
0,0.00000000002424579582845210818552691773590578,41244263833.42359681916551776993324,-244440
0,0.00000000002453848335736815999737043558474685,40752314861.37183877088293272373684,-244320
0,0.00000000002498415276698071425412299521243904,40025371655.65242555604741684110194,-244140
0,0.00000000002513450075926396228209287521299843,39785950378.6413762897219091583383,-244080
0,0.00000000002528575350581262122078157278095465,39547961256.92369346080028255469296,-244020
0,0.00000000002543791645119743889283209650673089,39311395723.72197982547041266445066,-243960
0,0.00000000002589992141872019809459390504949411,38610155754.26457610087737114292655,-243780
0,0.00000000002750140061622432528056865876113931,36361784403.44796773937949802344544,-243180
0,0.00000000002920190465548664786234937612645968,34244341655.02671607623669065184897,-242580
0,0.00000000002955442075245166107675537523615114,33835885615.08335013603516630888212,-242460
0,0.00000000002991119231152044834676010383943701,33432301513.93346153223788195146333,-242340
0,0.00000000003009118991851469537727210971112913,33232318253.54682138558505842665729,-242280
0,0.00000000003045444118408290627347017472347042,32835933319.39555102534281885917029,-242160
0,0.00000000003063770791843406923935274837742151,32639517377.15734527028453990500811,-242100
0,0.00000000003082207750329287159382925453065254,32444276343.57759187536553551818843,-242040
0,0.00000000003100755657532060654195815243305989,32250203190.66080342635299910455419,-241980
0,0.00000000003157071768153875218541631087022277,31674921365.02042754723607602398815,-241800
0,0.00000000003176070187122213150866905000581592,31485450291.83011058986151070735579,-241740
0,0.00000000003312299106902919496798331242815625,30190510208.33152974156809515770198,-241320
0,0.00000000003332231642747104998739266499732145,30009918493.40930058961847949103114,-241260
0,0.00000000003454371196856585251733199007909965,28948828687.25809636224854931661721,-240900
0,0.00000000003475158684785127545062912783701155,28775664385.57699924110793210271006,-240840
0,0.00000000003496071266292140071286170488588726,28603535907.33804022546310635235325,-240780
0,0.00000000003602537083925897206316241127177953,27758215299.4866884488585103722724,-240480
0,0.00000000003624216194790526340462193241077996,27592172934.86539189179531807973688,-240420
0,0.00000000003734584408442277003954934015581097,26776741147.94228079726168221163487,-240120
0,0.00000000003871471793034577668680965646635866,25829969930.27733002463116877946619,-239760
0,0.00000000004013376645171101348571884426559896,24916674621.18714835207998061671234,-239400
0,0.00000000004037528079342421967076384442196125,24767629607.73926039361140068019004,-239340
0,0.00000000004061824850426796447713186567110563,24619476142.4763293370051535292693,-239280
0,0.00000000004417739515606846805373512736773039,22636010938.78967852077978269556617,-238440
0,0.00000000004471069060710927312068103950315396,22366015519.36202674202184127384923,-238320
0,0.00000000004525042383106756420863954886402928,22099240522.7689917480221548498437,-238200
0,0.00000000005010931589808123406695497805086505,19956369031.93666631249609095073438,-237180
0,0.00000000005071421960797193768185905387369777,19718335562.09956265814168356885148,-237060
0,0.00000000005132642552288543123560118034334158,19483141282.73202874648914683576502,-236940
0,0.00000000005257309763147615595272142208431007,19021135239.35267951204628933866431,-236700
0,0.00000000005450011093405945481453311776315587,18348586504.89566521278315313494488,-236340
0,0.00000000005482807811928173597950891369616762,18238830072.14735279903468349585387,-236280
0,0.00000000005515801892387357710039338758803457,18129730173.59726980497657402515377,-236220
0,0.00000000005963235151483185610788091420529588,16769420869.66465447280975700676065,-235440
0,0.00000000005999120316007287059478506017151153,16669110591.62670262398935050686057,-235380
0,0.00000000006035221427915687371362230901807613,16569400343.36665761485309943555265,-235320
0,0.00000000006071539786722361303354097626259019,16470286535.66373950983156676818342,-235260
0,0.00000000006108076699761413391071728234358887,16371765600.76694584350185313950088,-235200
0,0.00000000006370066089706271242627319446033457,15698424253.65025979639935587700875,-234780
0,0.00000000006603554368811389993912550859572195,15143359835.46987120910496515401209,-234420
0,0.00000000007356635132822514280294623195887918,13593171089.02655071418970126381069,-233340
0,0.00000000007718347180465804425252706316506546,12956141731.10634443467071479463452,-232860
0,0.00000000007764794142792329559983022195950484,12878641488.88287058672344919818567,-232800
0,0.00000000009185182114942271892385337671411386,10887100413.31918563753721770003963,-231120
0,0.00000000009240456100120695713362750692977995,10821976633.6743739099852064778327,-231060
0,0.00000000009990027507700642644216311779355243,10009982447.28722741739832220867951,-230280
-589848834120961,0.0000000001005014483858016892842071629474133,9950105357.300250485920597559774466,-230220
0,0.0000000001153724094947383943839696241289637,8667583561.610589456790211570396141,-228840
0,0.0000000001614424029181076198318889607524203,6194159538.787678152760968727246366,-225480
0,0.0000000003123472166723086889014409502000523,3201565266.544779618643653559373922,-218880
0,0.0000000003853318625610988365125355516146551,2595165614.785977892962946249254212,-216780
0,0.0000000004091582268210724183958539025240393,2444042266.409827247753291641343884,-216180
0,0.0000000004140974546852038845990028669766052,2414890477.315776165245608966609175,-216060
0,0.0000000004165893831288934133040728133864653,2400445235.76012118415744213784399,-216000
0,0.000000000419096307335773975203573629881851,2386086401.851339347810535963694728,-215940
0,0.0000000004216183175463636120600016964597839,2371813458.721546558330315826755315,-215880
0,0.0000000004292757747708462704888795061827533,2329504851.59292933466084597288741,-215700
0,0.0000000004318590423114582604479423842575197,2315570364.458865451613801836050229,-215640
0,0.0000000004725269320485275003046694482642369,2116281490.379266148010488104743103,-214740
0,0.0000000005489938530704597253828798963335799,1821514019.523378201473809656458735,-213240
0,0.0000000005522975521934523555687823019135126,1810618200.331497475314108299456813,-213180
0,0.0000000006006922530009082200776404693608595,1664745957.691730118412320458792526,-212340
0,0.0000000006302271722830960102188972864281316,1586729427.068884344929326660193574,-211860
0,0.0000000006813502189709320858009997374807219,1467673998.124395145823800770393965,-211080
0,0.000000002221676454393644124684932115127657,450110545.134677215447052830754909,-199260
0,0.000000003090230154000827661610547685162014,323600492.5734512680233016175183075,-195960
0,0.000000003127534428686461499650150244150137,319740684.8115791005466998471636522,-195840
0,0.000000003261681538698212217498115611537199,306590324.0814599999614118973680435,-195420
0,0.000000003999753253096235909587685196780323,250015422.6328569819884280427193744,-193380
0,0.000000005023974096751278112937380882451615,199045612.2468154915508041321396411,-191100
0,0.000000005208122746011719154154126936655002,192007763.4049199176500876983631316,-190740
0,0.000000005334623302000655605049746963647902,187454660.5052633768475174981759259,-190500
0,0.000000005907443546499694408900625886481295,169277961.2921607341234523772071672,-189480
0,0.000000006502640818172136085790857085903946,153783674.6580592513030645233437813,-188520
0,0.000000007926396151402180264782870485133859,126160739.4961075596616685825987945,-186540
0,0.000000008990713175387103470823102252068393,111225881.6950796648176327687276204,-185280
0,0.00000001001602965935573665070681837168992,99839959.94519880714766083090761371,-184200
0,0.00000001199125670312202128903981013285818,83394094.94416393072496838567148785,-182400
0,0.00000001206341689951059420834493043707156,82895253.33743289739775584597701875,-182340
0,0.00000001444240219713133260749500172456122,69240558.90083355617652324812407805,-180540
0,0.00000002120313987560101960479229553766283,47162826.16004079994121175136026034,-176700
0,0.0000003154544466881461901348777971896782,3170029.810955829936144753950390384,-149700
0,0.0000005958461458360949080680342516142623,1678285.589305598284096692636502348,-143340
0,0.0000005994317896068360025021030767038701,1668246.52502312977526612165831548,-143280
-12072617110813,0.0000009982030283980125277907193198057797,1001800.206521985192235782332949707,-138180
0,0.00000156545875215967361494540626196757,638790.3856428163684583887181452201,-133680
0,0.000002164442266168922075370016625464043,462012.7852936484106990336393702025,-130440
0,13650.39764564151895161207541640018,0.0000732579391428419918153836889669869,95220
0,21025.73269903862700366922587038605,0.00004756076824118113316792131711495918,99540
-423427980068210,338492131855223783697272027725930700000,0.000000000000000000000000000000000000002954278418582885262890650958806081,887220
