arm,half_width_ticks,width_pct,envelope,envelope_bps,window,hours,net_usd,per_day_usd,lp_fees_usd,il_usd,basket_delta_usd,lp_value_change_usd,onchain_cost_usd,hedge_price_pnl_usd,funding_usd,rehedge_notional_usd,swapped_notional_usd,n_recenters,n_rehedges,volume_usd,volume_in_range_usd,n_swaps,seconds_out_of_range
arm_0.1pct,10.0,0.0010004501200209237,optimistic,1.984,full,2855.9766666666665,-833.4547014995389,-7.003878242231998,1836.320465247941,-2063.6989911371265,-32.297193485716924,-1760.7151915123932,521.9487191052987,-302.9837996553058,32.362013738327846,587144.5071210187,866755.1777018381,1774,1776,32211759.368848503,12331151.29953901,164016,5915933.0
arm_0.1pct,10.0,0.0010004501200209237,optimistic,1.984,2026-05,743.9944444444444,-278.4250725555092,-8.98152101971938,389.06176294263616,-516.3517491591408,-28.287592864607507,-528.6710325711509,130.67855054265198,12.319283400809343,7.989296079753028,143376.1686739153,217459.7663291018,438,439,6224485.122165576,2453673.8623477453,31872,1448529.0
arm_0.1pct,10.0,0.0010004501200209237,optimistic,1.984,2026-06,720.0,287.17973968956267,9.57265798965209,864.0151810604895,-427.8787962250035,-4.280935990720036,-657.0383890678081,126.97063099914402,229.15959284039153,6.195327122126479,142043.0507383702,210923.65082278175,431,431,11992491.539017271,5601430.505773621,53517,1549161.0
arm_0.1pct,10.0,0.0010004501200209237,optimistic,1.984,2026-07,744.0,-231.09326552819203,-7.454621468651356,259.7603129207197,-349.6404962202758,9.29775098068295,-201.5919442495782,121.7351176629414,-148.04855198363984,8.550846910553357,141274.25132714523,201342.11767786872,424,424,4648206.247164238,2007064.4025048385,29413,1333013.0
arm_0.1pct,10.0,0.0010004501200209237,optimistic,1.984,2026-08,647.9822222222223,-611.1161031054031,-22.634550719972953,323.4832083240959,-769.8279495327051,-9.02641561107236,-373.4138256238591,142.56441990056035,-396.4141239128676,9.626543625894787,160451.03638158686,237029.6428720863,481,482,9346576.46050144,2268982.5289127994,49214,1585230.0
arm_0.1pct,10.0,0.0010004501200209237,central,3.3586560000000003,full,2855.9766666666665,-914.166873457634,-7.682137329430756,1836.320465247941,-2063.6989911371265,-32.297193485716924,-1760.7151915123932,521.9487191052987,-302.9837996553058,32.362013738327846,587144.5071210187,866755.1777018381,1774,1776,32211759.368848503,12331151.29953901,164016,5915933.0
arm_0.1pct,10.0,0.0010004501200209237,central,3.3586560000000003,2026-05,743.9944444444444,-298.13436360797016,-9.617309349580202,389.06176294263616,-516.3517491591408,-28.287592864607507,-528.6710325711509,130.67855054265198,12.319283400809343,7.989296079753028,143376.1686739153,217459.7663291018,438,439,6224485.122165576,2453673.8623477453,31872,1448529.0
arm_0.1pct,10.0,0.0010004501200209237,central,3.3586560000000003,2026-06,720.0,267.6537064939822,8.921790216466073,864.0151810604895,-427.8787962250035,-4.280935990720036,-657.0383890678081,126.97063099914402,229.15959284039153,6.195327122126479,142043.0507383702,210923.65082278175,431,431,11992491.539017271,5601430.505773621,53517,1549161.0
arm_0.1pct,10.0,0.0010004501200209237,central,3.3586560000000003,2026-07,744.0,-250.51361525142883,-8.081084362949317,259.7603129207197,-349.6404962202758,9.29775098068295,-201.5919442495782,121.7351176629414,-148.04855198363984,8.550846910553357,141274.25132714523,201342.11767786872,424,424,4648206.247164238,2007064.4025048385,29413,1333013.0
arm_0.1pct,10.0,0.0010004501200209237,central,3.3586560000000003,2026-08,647.9822222222223,-633.1726010922198,-23.451480465156703,323.4832083240959,-769.8279495327051,-9.02641561107236,-373.4138256238591,142.56441990056035,-396.4141239128676,9.626543625894787,160451.03638158686,237029.6428720863,481,482,9346576.46050144,2268982.5289127994,49214,1585230.0
arm_0.1pct,10.0,0.0010004501200209237,pessimistic,8.32,full,2855.9766666666665,-1205.4694612114163,-10.130078234441923,1836.320465247941,-2063.6989911371265,-32.297193485716924,-1760.7151915123932,521.9487191052987,-302.9837996553058,32.362013738327846,587144.5071210187,866755.1777018381,1774,1776,32211759.368848503,12331151.29953901,164016,5915933.0
arm_0.1pct,10.0,0.0010004501200209237,pessimistic,8.32,2026-05,743.9944444444444,-369.2682130273019,-11.91196678796843,389.06176294263616,-516.3517491591408,-28.287592864607507,-528.6710325711509,130.67855054265198,12.319283400809343,7.989296079753028,143376.1686739153,217459.7663291018,438,439,6224485.122165576,2453673.8623477453,31872,1448529.0
arm_0.1pct,10.0,0.0010004501200209237,pessimistic,8.32,2026-06,720.0,197.18126274173133,6.572708758057711,864.0151810604895,-427.8787962250035,-4.280935990720036,-657.0383890678081,126.97063099914402,229.15959284039153,6.195327122126479,142043.0507383702,210923.65082278175,431,431,11992491.539017271,5601430.505773621,53517,1549161.0
arm_0.1pct,10.0,0.0010004501200209237,pessimistic,8.32,2026-07,744.0,-320.60463116907124,-10.342084876421653,259.7603129207197,-349.6404962202758,9.29775098068295,-201.5919442495782,121.7351176629414,-148.04855198363984,8.550846910553357,141274.25132714523,201342.11767786872,424,424,4648206.247164238,2007064.4025048385,29413,1333013.0
arm_0.1pct,10.0,0.0010004501200209237,pessimistic,8.32,2026-08,647.9822222222223,-712.7778797567765,-26.399905008961788,323.4832083240959,-769.8279495327051,-9.02641561107236,-373.4138256238591,142.56441990056035,-396.4141239128676,9.626543625894787,160451.03638158686,237029.6428720863,481,482,9346576.46050144,2268982.5289127994,49214,1585230.0
arm_0.2pct,20.0,0.0020019011404843745,optimistic,1.984,full,2855.9766666666665,-161.46331133472208,-1.3568456343714281,1788.42616635403,-1607.4733714750394,-66.21985990020518,-1342.467138178672,336.35858227283126,-265.0062333050717,30.95442724194733,186552.17325667597,560670.6891810509,1117,1119,32211759.368848503,19084745.657497767,164016,3715699.0
arm_0.2pct,20.0,0.0020019011404843745,optimistic,1.984,2026-05,743.9944444444444,-88.1463895216677,-2.8434531525295474,393.1314763976663,-394.9860542936821,-47.7429655467792,-427.78594871793564,84.6309603355804,32.79989442084395,7.815103240719218,47761.8675775258,141186.49919608218,279,280,6224485.122165576,3881348.739997186,31872,945708.0
arm_0.2pct,20.0,0.0020019011404843745,optimistic,1.984,2026-06,720.0,412.528223409498,13.7509407803166,808.9241765624428,-314.2831267990072,-4.782567992498416,-545.9104602225544,78.91283850127968,231.62733342322218,5.572125858776818,44214.282818092914,131489.70223332627,263,263,11993274.707160007,8243620.13768943,53522,927557.0
arm_0.2pct,20.0,0.0020019011404843745,optimistic,1.984,2026-07,744.0,-90.03967661745361,-2.904505697337213,236.67811265209124,-255.66186569146583,11.289567837538423,-107.46273722379556,71.38500702053021,-148.6089185567933,8.52812635856844,39260.346910253196,118856.96609220213,239,239,4647423.079021502,3011415.1112819966,29408,706534.0
arm_0.2pct,20.0,0.0020019011404843745,optimistic,1.984,2026-08,647.9822222222223,-395.8054686051006,-14.659863991244912,349.6924007418284,-642.5423246908828,-24.983894198465826,-261.3079920143864,101.42977641544117,-380.8245425923448,9.039071783882779,55315.67595080345,169137.5216594396,336,337,9346576.46050144,3948361.668529176,49214,1135900.0
arm_0.2pct,20.0,0.0020019011404843745,central,3.3586560000000003,full,2855.9766666666665,-187.107817762755,-1.5723474490242522,1788.42616635403,-1607.4733714750394,-66.21985990020518,-1342.467138178672,336.35858227283126,-265.0062333050717,30.95442724194733,186552.17325667597,560670.6891810509,1117,1119,32211759.368848503,19084745.657497767,164016,3715699.0
arm_0.2pct,20.0,0.0020019011404843745,central,3.3586560000000003,2026-05,743.9944444444444,-94.71200330533283,-3.055248727059176,393.1314763976663,-394.9860542936821,-47.7429655467792,-427.78594871793564,84.6309603355804,32.79989442084395,7.815103240719218,47761.8675775258,141186.49919608218,279,280,6224485.122165576,3881348.739997186,31872,945708.0
arm_0.2pct,20.0,0.0020019011404843745,central,3.3586560000000003,2026-06,720.0,406.45028049333916,13.548342683111306,808.9241765624428,-314.2831267990072,-4.782567992498416,-545.9104602225544,78.91283850127968,231.62733342322218,5.572125858776818,44214.282818092914,131489.70223332627,263,263,11993274.707160007,8243620.13768943,53522,927557.0
arm_0.2pct,20.0,0.0020019011404843745,central,3.3586560000000003,2026-07,744.0,-95.43662376167971,-3.0786007665057973,236.67811265209124,-255.66186569146583,11.289567837538423,-107.46273722379556,71.38500702053021,-148.6089185567933,8.52812635856844,39260.346910253196,118856.96609220213,239,239,4647423.079021502,3011415.1112819966,29408,706534.0
arm_0.2pct,20.0,0.0020019011404843745,central,3.3586560000000003,2026-08,647.9822222222223,-403.4094711890834,-14.941501443256675,349.6924007418284,-642.5423246908828,-24.983894198465826,-261.3079920143864,101.42977641544117,-380.8245425923448,9.039071783882779,55315.67595080345,169137.5216594396,336,337,9346576.46050144,3948361.668529176,49214,1135900.0
arm_0.2pct,20.0,0.0020019011404843745,pessimistic,8.32,full,2855.9766666666665,-279.662768310152,-2.3501264971038447,1788.42616635403,-1607.4733714750394,-66.21985990020518,-1342.467138178672,336.35858227283126,-265.0062333050717,30.95442724194733,186552.17325667597,560670.6891810509,1117,1119,32211759.368848503,19084745.657497767,164016,3715699.0
arm_0.2pct,20.0,0.0020019011404843745,pessimistic,8.32,2026-05,743.9944444444444,-118.40830881878804,-3.8196513870112856,393.1314763976663,-394.9860542936821,-47.7429655467792,-427.78594871793564,84.6309603355804,32.79989442084395,7.815103240719218,47761.8675775258,141186.49919608218,279,280,6224485.122165576,3881348.739997186,31872,945708.0
arm_0.2pct,20.0,0.0020019011404843745,pessimistic,8.32,2026-06,720.0,384.51405381595436,12.817135127198478,808.9241765624428,-314.2831267990072,-4.782567992498416,-545.9104602225544,78.91283850127968,231.62733342322218,5.572125858776818,44214.282818092914,131489.70223332627,263,263,11993274.707160007,8243620.13768943,53522,927557.0
arm_0.2pct,20.0,0.0020019011404843745,pessimistic,8.32,2026-07,744.0,-114.91503241979004,-3.7069365296706462,236.67811265209124,-255.66186569146583,11.289567837538423,-107.46273722379556,71.38500702053021,-148.6089185567933,8.52812635856844,39260.346910253196,118856.96609220213,239,239,4647423.079021502,3011415.1112819966,29408,706534.0
arm_0.2pct,20.0,0.0020019011404843745,pessimistic,8.32,2026-08,647.9822222222223,-430.85348088752966,-15.957974133670746,349.6924007418284,-642.5423246908828,-24.983894198465826,-261.3079920143864,101.42977641544117,-380.8245425923448,9.039071783882779,55315.67595080345,169137.5216594396,336,337,9346576.46050144,3948361.668529176,49214,1135900.0
arm_0.5pct,50.0,0.005012269623050569,optimistic,1.984,full,2855.9766666666665,150.47926016642924,1.264541929262133,1160.1189263251506,-919.9621243706794,-68.9140780262637,-666.2732100961327,114.3680195596163,-253.68891427590242,30.168235471318003,27609.66581848737,191198.51126986655,372,374,32211759.368848503,26243735.9064252,164016,1314737.0
arm_0.5pct,50.0,0.005012269623050569,optimistic,1.984,2026-05,743.9944444444444,16.058617002377282,0.5180237714608821,255.7349449085916,-216.63791074430085,-53.94688016693959,-261.62467895394025,28.181900870009194,43.89240754278995,7.671256985580212,7224.861948765217,47198.58752669095,90,91,6224485.122165576,5293194.222917026,31872,310419.0
arm_0.5pct,50.0,0.005012269623050569,optimistic,1.984,2026-06,720.0,299.55972115983013,9.985324038661004,492.6955451195601,-172.5525153977789,-5.911406195857671,-405.86043269150116,25.81249362494666,234.37212351587715,5.330060330618598,5872.386541219204,43094.81789514386,85,85,11992491.539017271,10528525.40876872,53517,342341.0
arm_0.5pct,50.0,0.005012269623050569,optimistic,1.984,2026-07,744.0,22.01750868565696,0.7102422156663536,148.50028779109147,-114.84457879253418,20.78298249376967,42.61300845663277,19.063721159343416,-157.72011896690074,8.514879361813232,4167.4737784090985,31809.16422763029,63,63,4648206.247164238,4103544.7343524545,29413,205095.0
arm_0.5pct,50.0,0.005012269623050569,optimistic,1.984,2026-08,647.9822222222223,-187.15658668143496,-6.93191560865695,263.18814850590775,-415.927119436066,-29.838774157236017,-41.401106907324106,41.30990390531694,-374.23332636766895,8.652038793305929,10344.943550093869,69095.94162040149,134,135,9346576.46050144,6318471.540387003,49214,456882.0
arm_0.5pct,50.0,0.005012269623050569,central,3.3586560000000003,full,2855.9766666666665,146.6838808888914,1.2326477251798487,1160.1189263251506,-919.9621243706794,-68.9140780262637,-666.2732100961327,114.3680195596163,-253.68891427590242,30.168235471318003,27609.66581848737,191198.51126986655,372,374,32211759.368848503,26243735.9064252,164016,1314737.0
arm_0.5pct,50.0,0.005012269623050569,central,3.3586560000000003,2026-05,743.9944444444444,15.065447019673105,0.48598579085109517,255.7349449085916,-216.63791074430085,-53.94688016693959,-261.62467895394025,28.181900870009194,43.89240754278995,7.671256985580212,7224.861948765217,47198.58752669095,90,91,6224485.122165576,5293194.222917026,31872,310419.0
arm_0.5pct,50.0,0.005012269623050569,central,3.3586560000000003,2026-06,720.0,298.7524700205095,9.958415667350318,492.6955451195601,-172.5525153977789,-5.911406195857671,-405.86043269150116,25.81249362494666,234.37212351587715,5.330060330618598,5872.386541219204,43094.81789514386,85,85,11992491.539017271,10528525.40876872,53517,342341.0
arm_0.5pct,50.0,0.005012269623050569,central,3.3586560000000003,2026-07,744.0,21.444624402223685,0.6917620774910866,148.50028779109147,-114.84457879253418,20.78298249376967,42.61300845663277,19.063721159343416,-157.72011896690074,8.514879361813232,4167.4737784090985,31809.16422763029,63,63,4648206.247164238,4103544.7343524545,29413,205095.0
arm_0.5pct,50.0,0.005012269623050569,central,3.3586560000000003,2026-08,647.9822222222223,-188.57866055351474,-6.984586456342969,263.18814850590775,-415.927119436066,-29.838774157236017,-41.401106907324106,41.30990390531694,-374.23332636766895,8.652038793305929,10344.943550093869,69095.94162040149,134,135,9346576.46050144,6318471.540387003,49214,456882.0
arm_0.5pct,50.0,0.005012269623050569,pessimistic,8.32,full,2855.9766666666665,132.98577590383564,1.1175366588051219,1160.1189263251506,-919.9621243706794,-68.9140780262637,-666.2732100961327,114.3680195596163,-253.68891427590242,30.168235471318003,27609.66581848737,191198.51126986655,372,374,32211759.368848503,26243735.9064252,164016,1314737.0
arm_0.5pct,50.0,0.005012269623050569,pessimistic,8.32,2026-05,743.9944444444444,11.480944471639642,0.3703558129726421,255.7349449085916,-216.63791074430085,-53.94688016693959,-261.62467895394025,28.181900870009194,43.89240754278995,7.671256985580212,7224.861948765217,47198.58752669095,90,91,6224485.122165576,5293194.222917026,31872,310419.0
arm_0.5pct,50.0,0.005012269623050569,pessimistic,8.32,2026-06,720.0,295.8389770473136,9.861299234910454,492.6955451195601,-172.5525153977789,-5.911406195857671,-405.86043269150116,25.81249362494666,234.37212351587715,5.330060330618598,5872.386541219204,43094.81789514386,85,85,11992491.539017271,10528525.40876872,53517,342341.0
arm_0.5pct,50.0,0.005012269623050569,pessimistic,8.32,2026-07,744.0,19.376997299656953,0.6250644290211921,148.50028779109147,-114.84457879253418,20.78298249376967,42.61300845663277,19.063721159343416,-157.72011896690074,8.514879361813232,4167.4737784090985,31809.16422763029,63,63,4648206.247164238,4103544.7343524545,29413,205095.0
arm_0.5pct,50.0,0.005012269623050569,pessimistic,8.32,2026-08,647.9822222222223,-193.71114291477443,-7.1746836109343315,263.18814850590775,-415.927119436066,-29.838774157236017,-41.401106907324106,41.30990390531694,-374.23332636766895,8.652038793305929,10344.943550093869,69095.94162040149,134,135,9346576.46050144,6318471.540387003,49214,456882.0
arm_2pct,200.0,0.020200319893931784,optimistic,1.984,full,2855.9766666666665,66.7720677590596,0.5611143973692936,383.6485046399098,-330.5300863408205,-81.54573564354385,-76.58688490644067,15.449200216312823,-253.94320143442647,29.88313011375841,3932.8651080072545,25989.695860936627,47,49,32211759.368848503,30909694.093641482,164016,186650.0
arm_2pct,200.0,0.020200319893931784,optimistic,1.984,2026-05,743.9944444444444,-16.89388674488908,-0.5449681579008269,79.9706533802168,-98.2196821173208,-65.81832098199934,-143.52033008458818,5.184341855255336,44.628080414305536,7.509486557835305,1499.1691401371181,8743.42939913741,15,16,6224485.122165576,6008198.445719148,31872,64341.0
arm_2pct,200.0,0.020200319893931784,optimistic,1.984,2026-06,720.0,116.23160205457292,3.8743867351524304,158.14616834412718,-45.29622836504564,0.5409272787187476,-270.2053627339686,2.3477964956397743,225.57413505579538,5.1697292328353095,530.6015553253483,3897.6614852371954,8,8,11992491.539017271,11821358.775137538,53517,36196.0
arm_2pct,200.0,0.020200319893931784,optimistic,1.984,2026-07,744.0,30.055881464305095,0.9695445633646805,47.30063722392045,-24.615461098719393,22.551337715465024,136.37325904409545,1.2339405778497965,-161.03440585383535,8.700470521210383,252.7161957460241,2065.3047096989258,4,4,4648206.247164238,4612717.06696329,29413,20612.0
arm_2pct,200.0,0.020200319893931784,optimistic,1.984,2026-08,647.9822222222223,-62.6215290149291,-2.319379521253101,98.23104569164592,-162.39871475973467,-38.81967965572831,200.7655488680207,6.6831212875679205,-363.1110110506923,8.50344380187738,1650.3782167987633,11283.300266863085,20,21,9346576.46050144,8467419.805821514,49214,65501.0
arm_2pct,200.0,0.020200319893931784,central,3.3586560000000003,full,2855.9766666666665,66.23143409726832,0.5565712202367805,383.6485046399098,-330.5300863408205,-81.54573564354385,-76.58688490644067,15.449200216312823,-253.94320143442647,29.88313011375841,3932.8651080072545,25989.695860936627,47,49,32211759.368848503,30909694.093641482,164016,186650.0
arm_2pct,200.0,0.020200319893931784,central,3.3586560000000003,2026-05,743.9944444444444,-17.099970930239515,-0.5516160844886439,79.9706533802168,-98.2196821173208,-65.81832098199934,-143.52033008458818,5.184341855255336,44.628080414305536,7.509486557835305,1499.1691401371181,8743.42939913741,15,16,6224485.122165576,6008198.445719148,31872,64341.0
arm_2pct,200.0,0.020200319893931784,central,3.3586560000000003,2026-06,720.0,116.15866259340919,3.8719554197803063,158.14616834412718,-45.29622836504564,0.5409272787187476,-270.2053627339686,2.3477964956397743,225.57413505579538,5.1697292328353095,530.6015553253483,3897.6614852371954,8,8,11992491.539017271,11821358.775137538,53517,36196.0
arm_2pct,200.0,0.020200319893931784,central,3.3586560000000003,2026-07,744.0,30.02114168082715,0.9684239251879726,47.30063722392045,-24.615461098719393,22.551337715465024,136.37325904409545,1.2339405778497965,-161.03440585383535,8.700470521210383,252.7161957460241,2065.3047096989258,4,4,4648206.247164238,4612717.06696329,29413,20612.0
arm_2pct,200.0,0.020200319893931784,central,3.3586560000000003,2026-08,647.9822222222223,-62.84839924672827,-2.3277823529612105,98.23104569164592,-162.39871475973467,-38.81967965572831,200.7655488680207,6.6831212875679205,-363.1110110506923,8.50344380187738,1650.3782167987633,11283.300266863085,20,21,9346576.46050144,8467419.805821514,49214,65501.0
arm_2pct,200.0,0.020200319893931784,pessimistic,8.32,full,2855.9766666666665,64.2802044266262,0.5401741982855937,383.6485046399098,-330.5300863408205,-81.54573564354385,-76.58688490644067,15.449200216312823,-253.94320143442647,29.88313011375841,3932.8651080072545,25989.695860936627,47,49,32211759.368848503,30909694.093641482,164016,186650.0
arm_2pct,200.0,0.020200319893931784,pessimistic,8.32,2026-05,743.9944444444444,-17.843760312079958,-0.5756094695165392,79.9706533802168,-98.2196821173208,-65.81832098199934,-143.52033008458818,5.184341855255336,44.628080414305536,7.509486557835305,1499.1691401371181,8743.42939913741,15,16,6224485.122165576,6008198.445719148,31872,64341.0
arm_2pct,200.0,0.020200319893931784,pessimistic,8.32,2026-06,720.0,115.89541290911878,3.863180430303959,158.14616834412718,-45.29622836504564,0.5409272787187476,-270.2053627339686,2.3477964956397743,225.57413505579538,5.1697292328353095,530.6015553253483,3897.6614852371954,8,8,11992491.539017271,11821358.775137538,53517,36196.0
arm_2pct,200.0,0.020200319893931784,pessimistic,8.32,2026-07,744.0,29.895760482680412,0.9643793704090455,47.30063722392045,-24.615461098719393,22.551337715465024,136.37325904409545,1.2339405778497965,-161.03440585383535,8.700470521210383,252.7161957460241,2065.3047096989258,4,4,4648206.247164238,4612717.06696329,29413,20612.0
arm_2pct,200.0,0.020200319893931784,pessimistic,8.32,2026-08,647.9822222222223,-63.6672086530928,-2.358109459290386,98.23104569164592,-162.39871475973467,-38.81967965572831,200.7655488680207,6.6831212875679205,-363.1110110506923,8.50344380187738,1650.3782167987633,11283.300266863085,20,21,9346576.46050144,8467419.805821514,49214,65501.0
arm_8.3pct,800.0,0.08328273482419823,optimistic,1.984,full,2855.9766666666665,51.32934204196375,0.43134253279629853,109.30312660352615,-86.93867769072722,-73.36428671099341,222.89262456014853,2.4059179021037673,-309.8313022508768,31.950155109805753,2920.081041008666,4217.503204856968,4,6,32211759.368848503,32183123.13769535,164016,5994.0
arm_8.3pct,800.0,0.08328273482419823,optimistic,1.984,2026-05,743.9944444444444,-0.052603775038742556,-0.0016969086400538225,21.49648753515267,-23.793019641931195,-44.21892494818052,-77.11812397416497,0.8831121123996117,49.145622083768885,7.517017197834074,1060.9602078114228,1548.9313528605464,1,2,6224485.122165576,6217556.028625369,31872,2980.0
arm_8.3pct,800.0,0.08328273482419823,optimistic,1.984,2026-06,720.0,31.876931719042588,1.0625643906347528,41.7977623223349,-15.160721869656497,-29.120934474062736,-218.29027175399676,0.1479421160288306,203.3650620162715,5.209994229964154,290.69042087889426,204.89450248075772,1,1,11992491.539017271,11991273.967827417,53517,227.0
arm_8.3pct,800.0,0.08328273482419823,optimistic,1.984,2026-07,744.0,2.203749635647159,0.07108869792410191,12.873682922430623,-23.35322677031689,44.71492277464383,138.50474552476214,0.30082311591278316,-157.94574183801234,9.08982783566959,90.43192182497751,501.46288246902645,1,1,4648206.247164238,4643962.977319593,29413,1459.0
arm_8.3pct,800.0,0.08328273482419823,optimistic,1.984,2026-08,647.9822222222223,17.30126446231272,0.640805153066536,33.13519382360815,-24.631709408822633,-44.739350063393985,379.7962747635481,1.0740405577625418,-404.39624451290507,10.133315846337974,1477.9984904933713,1962.2144670466378,1,2,9346576.46050144,9330330.163922988,49214,1328.0
arm_8.3pct,800.0,0.08328273482419823,central,3.3586560000000003,full,2855.9766666666665,50.92793134961286,0.4279693061418717,109.30312660352615,-86.93867769072722,-73.36428671099341,222.89262456014853,2.4059179021037673,-309.8313022508768,31.950155109805753,2920.081041008666,4217.503204856968,4,6,32211759.368848503,32183123.13769535,164016,5994.0
arm_8.3pct,800.0,0.08328273482419823,central,3.3586560000000003,2026-05,743.9944444444444,-0.19844930658166454,-0.006401638336851312,21.49648753515267,-23.793019641931195,-44.21892494818052,-77.11812397416497,0.8831121123996117,49.145622083768885,7.517017197834074,1060.9602078114228,1548.9313528605464,1,2,6224485.122165576,6217556.028625369,31872,2980.0
arm_8.3pct,800.0,0.08328273482419823,central,3.3586560000000003,2026-06,720.0,31.836971785922216,1.061232392864074,41.7977623223349,-15.160721869656497,-29.120934474062736,-218.29027175399676,0.1479421160288306,203.3650620162715,5.209994229964154,290.69042087889426,204.89450248075772,1,1,11992491.539017271,11991273.967827417,53517,227.0
arm_8.3pct,800.0,0.08328273482419823,central,3.3586560000000003,2026-07,744.0,2.1913183572543353,0.07068768894368824,12.873682922430623,-23.35322677031689,44.71492277464383,138.50474552476214,0.30082311591278316,-157.94574183801234,9.08982783566959,90.43192182497751,501.46288246902645,1,1,4648206.247164238,4643962.977319593,29413,1459.0
arm_8.3pct,800.0,0.08328273482419823,central,3.3586560000000003,2026-08,647.9822222222223,17.098090513017954,0.6332799855297604,33.13519382360815,-24.631709408822633,-44.739350063393985,379.7962747635481,1.0740405577625418,-404.39624451290507,10.133315846337974,1477.9984904933713,1962.2144670466378,1,2,9346576.46050144,9330330.163922988,49214,1328.0
arm_8.3pct,800.0,0.08328273482419823,pessimistic,8.32,full,2855.9766666666665,49.47917869438066,0.41579481461629675,109.30312660352615,-86.93867769072722,-73.36428671099341,222.89262456014853,2.4059179021037673,-309.8313022508768,31.950155109805753,2920.081041008666,4217.503204856968,4,6,32211759.368848503,32183123.13769535,164016,5994.0
arm_8.3pct,800.0,0.08328273482419823,pessimistic,8.32,2026-05,743.9944444444444,-0.72482816270806,-0.023381728230488723,21.49648753515267,-23.793019641931195,-44.21892494818052,-77.11812397416497,0.8831121123996117,49.145622083768885,7.517017197834074,1060.9602078114228,1548.9313528605464,1,2,6224485.122165576,6217556.028625369,31872,2980.0
arm_8.3pct,800.0,0.08328273482419823,pessimistic,8.32,2026-06,720.0,31.692750268373718,1.0564250089457905,41.7977623223349,-15.160721869656497,-29.120934474062736,-218.29027175399676,0.1479421160288306,203.3650620162715,5.209994229964154,290.69042087889426,204.89450248075772,1,1,11992491.539017271,11991273.967827417,53517,227.0
arm_8.3pct,800.0,0.08328273482419823,pessimistic,8.32,2026-07,744.0,2.1464519699788536,0.06924038612835011,12.873682922430623,-23.35322677031689,44.71492277464383,138.50474552476214,0.30082311591278316,-157.94574183801234,9.08982783566959,90.43192182497751,501.46288246902645,1,1,4648206.247164238,4643962.977319593,29413,1459.0
arm_8.3pct,800.0,0.08328273482419823,pessimistic,8.32,2026-08,647.9822222222223,16.36480461873612,0.6061205035884046,33.13519382360815,-24.631709408822633,-44.739350063393985,379.7962747635481,1.0740405577625418,-404.39624451290507,10.133315846337974,1477.9984904933713,1962.2144670466378,1,2,9346576.46050144,9330330.163922988,49214,1328.0
always_cash,,,optimistic,1.984,full,2855.9766666666665,0.0,0.0,0.0,0.0,0.0,0.0,0.0,0.0,0.0,0.0,0.0,0,0,0.0,0.0,0,0.0
always_cash,,,optimistic,1.984,2026-05,743.9944444444444,0.0,0.0,0.0,0.0,0.0,0.0,0.0,0.0,0.0,0.0,0.0,0,0,0.0,0.0,0,0.0
always_cash,,,optimistic,1.984,2026-06,720.0,0.0,0.0,0.0,0.0,0.0,0.0,0.0,0.0,0.0,0.0,0.0,0,0,0.0,0.0,0,0.0
always_cash,,,optimistic,1.984,2026-07,744.0,0.0,0.0,0.0,0.0,0.0,0.0,0.0,0.0,0.0,0.0,0.0,0,0,0.0,0.0,0,0.0
always_cash,,,optimistic,1.984,2026-08,647.9822222222223,0.0,0.0,0.0,0.0,0.0,0.0,0.0,0.0,0.0,0.0,0.0,0,0,0.0,0.0,0,0.0
always_cash,,,central,3.3586560000000003,full,2855.9766666666665,0.0,0.0,0.0,0.0,0.0,0.0,0.0,0.0,0.0,0.0,0.0,0,0,0.0,0.0,0,0.0
always_cash,,,central,3.3586560000000003,2026-05,743.9944444444444,0.0,0.0,0.0,0.0,0.0,0.0,0.0,0.0,0.0,0.0,0.0,0,0,0.0,0.0,0,0.0
always_cash,,,central,3.3586560000000003,2026-06,720.0,0.0,0.0,0.0,0.0,0.0,0.0,0.0,0.0,0.0,0.0,0.0,0,0,0.0,0.0,0,0.0
always_cash,,,central,3.3586560000000003,2026-07,744.0,0.0,0.0,0.0,0.0,0.0,0.0,0.0,0.0,0.0,0.0,0.0,0,0,0.0,0.0,0,0.0
always_cash,,,central,3.3586560000000003,2026-08,647.9822222222223,0.0,0.0,0.0,0.0,0.0,0.0,0.0,0.0,0.0,0.0,0.0,0,0,0.0,0.0,0,0.0
always_cash,,,pessimistic,8.32,full,2855.9766666666665,0.0,0.0,0.0,0.0,0.0,0.0,0.0,0.0,0.0,0.0,0.0,0,0,0.0,0.0,0,0.0
always_cash,,,pessimistic,8.32,2026-05,743.9944444444444,0.0,0.0,0.0,0.0,0.0,0.0,0.0,0.0,0.0,0.0,0.0,0,0,0.0,0.0,0,0.0
always_cash,,,pessimistic,8.32,2026-06,720.0,0.0,0.0,0.0,0.0,0.0,0.0,0.0,0.0,0.0,0.0,0.0,0,0,0.0,0.0,0,0.0
always_cash,,,pessimistic,8.32,2026-07,744.0,0.0,0.0,0.0,0.0,0.0,0.0,0.0,0.0,0.0,0.0,0.0,0,0,0.0,0.0,0,0.0
always_cash,,,pessimistic,8.32,2026-08,647.9822222222223,0.0,0.0,0.0,0.0,0.0,0.0,0.0,0.0,0.0,0.0,0.0,0,0,0.0,0.0,0,0.0
