start_utc,end_utc,hours,n_recenters,lp_fees_usd,funding_usd,onchain_cost_usd,rehedge_notional_usd,net_central_usd,lp_value_abs_gap_usd
2026-05-01 04:00:00+00:00,2026-05-01 08:00:00+00:00,3.973611111111111,0,2.082225384935707,0.025364657208949218,0.7542185718653208,2808.08946016915,-0.891282691048206,5.551115123125783e-17
2026-05-01 10:00:00+00:00,2026-05-01 12:00:00+00:00,1.9672222222222222,0,0.8513231842737434,-0.0007804495181081002,0.27258530014335536,815.547594245133,-0.1188112946195157,0.0
2026-05-01 15:00:00+00:00,2026-05-01 18:00:00+00:00,2.9891666666666667,1,4.233052975977999,0.017672247798259443,0.7237673360033559,2028.3414031520365,1.2994909322609351,2.220446049250313e-16
2026-05-01 22:00:00+00:00,2026-05-02 19:00:00+00:00,20.988333333333333,3,6.209424602613825,0.0770480823232331,1.178979364800368,5888.125248101515,-0.9742786617743397,0.0
2026-05-03 02:00:00+00:00,2026-05-03 07:00:00+00:00,4.982777777777778,0,1.877273349121173,0.02629600079521719,0.3883227555142693,1392.591527905664,0.7728255712807011,0.0
2026-05-03 13:00:00+00:00,2026-05-03 20:00:00+00:00,6.9625,1,3.25805370047345,0.015627854442229267,0.5661932018560465,2153.39306503832,0.8746375478274189,4.440892098500626e-16
2026-05-04 07:00:00+00:00,2026-05-04 10:00:00+00:00,2.9705555555555554,1,2.917854705021556,0.009749842714841235,0.7046549934282158,1484.4240417186725,-0.49086077026873237,2.220446049250313e-16
2026-05-04 11:00:00+00:00,2026-05-04 14:00:00+00:00,2.961388888888889,0,5.81082839210927,0.004559494602812279,0.6022378684984255,1557.2576115152337,4.453166743871374,0.0
2026-05-05 04:00:00+00:00,2026-05-05 08:00:00+00:00,3.9747222222222223,0,4.018382234519889,0.007594407462401265,0.4695016440071932,1537.9059102889769,2.686493705765062,4.440892098500626e-16
2026-05-05 11:00:00+00:00,2026-05-05 12:00:00+00:00,0.9905555555555555,0,0.9012969976987695,0.0,0.29329389463334166,595.1716996159566,0.365246634878916,0.0
2026-05-05 13:00:00+00:00,2026-05-05 16:00:00+00:00,2.9827777777777778,1,4.484473231387255,0.004153004723154778,0.675324546194188,859.2439600603925,1.42638633691783,2.220446049250313e-16
2026-05-05 17:00:00+00:00,2026-05-05 20:00:00+00:00,2.9980555555555557,1,2.40080934236288,0.00926293761920776,0.5835051529109241,1084.3434656263094,-0.1302692250763493,0.0
2026-05-06 00:00:00+00:00,2026-05-06 01:00:00+00:00,0.9916666666666667,0,1.5232806723169736,0.0,0.21828797950973702,604.826779418051,0.6783395680247619,0.0
2026-05-06 05:00:00+00:00,2026-05-06 08:00:00+00:00,2.9522222222222223,0,1.5974872223588523,-0.003340107476485879,0.3131181631661816,1431.368918042256,-0.18226986966340386,0.0
2026-05-06 10:00:00+00:00,2026-05-06 13:00:00+00:00,2.993611111111111,0,5.061592863368504,0.01633006333895852,0.8123954693699582,1319.2824645102155,3.1687276891780014,2.220446049250313e-16
2026-05-06 15:00:00+00:00,2026-05-07 00:00:00+00:00,8.948333333333334,1,9.128977425557082,0.02990325498554424,0.7926788120054429,3308.2086201682214,3.55985355307409,0.0
2026-05-07 01:00:00+00:00,2026-05-07 05:00:00+00:00,3.976111111111111,1,4.399326732226385,-0.0006435713608673528,0.5680060914773551,1296.5223503222564,2.2970357401321797,4.440892098500626e-16
2026-05-07 09:00:00+00:00,2026-05-07 13:00:00+00:00,3.9766666666666666,1,3.0863175925613726,-0.0016530297974898024,0.6899734568985867,1060.5999051948443,0.8802881566794657,0.0
2026-05-07 15:00:00+00:00,2026-05-08 11:00:00+00:00,19.98638888888889,6,18.009506712701818,0.1217831872716598,2.207350890398335,6592.881644420706,6.73626221105385,1.7763568394002505e-15
2026-05-08 15:00:00+00:00,2026-05-08 17:00:00+00:00,1.9925,1,2.9277195597895838,0.0,0.8113198183669341,1396.5271521129096,0.7934746941317883,2.220446049250313e-16
2026-05-08 19:00:00+00:00,2026-05-08 20:00:00+00:00,0.9997222222222222,0,0.5180512727347052,0.0,0.30883188327798683,548.8377003928742,0.014937512773412903,0.0
2026-05-09 02:00:00+00:00,2026-05-09 17:00:00+00:00,14.971111111111112,2,5.525109526902069,0.07512284498072742,0.8839872388793829,3761.2342521854366,0.08485042026889,4.440892098500626e-16
2026-05-09 18:00:00+00:00,2026-05-10 15:00:00+00:00,20.984444444444446,2,6.880082645782009,0.09341083697400757,0.892961472485811,4603.868712806606,1.5486996870897967,0.0
2026-05-10 16:00:00+00:00,2026-05-10 20:00:00+00:00,3.9972222222222222,1,3.549290663352097,0.02173834045209112,0.7942413228908181,2384.765906762291,-0.8224133414617717,0.0
2026-05-10 21:00:00+00:00,2026-05-10 22:00:00+00:00,0.9988888888888889,0,1.04522679134203,0.0,0.21092962216806593,538.5974338909919,0.5296908886736592,0.0
2026-05-10 23:00:00+00:00,2026-05-11 00:00:00+00:00,0.9988888888888889,0,2.278898214427135,0.0,0.7300679067857636,997.0709086892502,1.0391144292094154,0.0
2026-05-11 01:00:00+00:00,2026-05-11 02:00:00+00:00,0.9930555555555556,0,0.9096251676706788,0.0,0.1952230740087935,515.4776992965183,-0.03890555123255479,0.0
2026-05-11 04:00:00+00:00,2026-05-11 12:00:00+00:00,7.980555555555555,1,5.296618781740413,0.04861100534338182,0.7088548212847237,3240.2609309643703,1.0016962436644523,0.0
2026-05-11 16:00:00+00:00,2026-05-12 00:00:00+00:00,7.978055555555556,2,6.17054877634063,0.026633729034834037,1.0129128209248146,2328.5981004230607,2.4175700669789224,8.881784197001252e-16
2026-05-12 02:00:00+00:00,2026-05-12 06:00:00+00:00,3.995277777777778,0,3.110012583986576,0.014473378712588756,0.48723272710236615,2199.7105712985017,0.5422899278852593,4.440892098500626e-16
2026-05-12 11:00:00+00:00,2026-05-12 13:00:00+00:00,1.9908333333333332,0,3.1653411911586797,0.0035630175488197617,0.3441606390738971,825.5211158282723,2.415044441197878,8.881784197001252e-16
2026-05-12 14:00:00+00:00,2026-05-12 17:00:00+00:00,2.9972222222222222,1,5.297692253217138,0.004018737231189114,0.6317006297365111,2026.3596769658727,2.914651084214989,4.440892098500626e-16
2026-05-12 20:00:00+00:00,2026-05-12 22:00:00+00:00,1.9916666666666667,0,0.7987105875669582,0.003778303700070629,0.54466404708237,1173.6858983291431,-0.19541045346352814,0.0
2026-05-13 14:00:00+00:00,2026-05-13 15:00:00+00:00,0.9916666666666667,0,2.118954472158176,0.0,0.29309136950466663,859.8556139627392,1.2021234911522385,4.440892098500626e-16
2026-05-13 22:00:00+00:00,2026-05-14 00:00:00+00:00,1.9866666666666666,0,1.4762252019519755,0.0012037409836375289,0.3914736342993067,865.4883824919044,0.548659684261987,2.220446049250313e-16
2026-05-14 01:00:00+00:00,2026-05-14 02:00:00+00:00,0.9905555555555555,0,0.7293682833939623,0.0,0.6387913147819273,968.9629648804615,-0.27849960139158386,5.551115123125783e-17
2026-05-14 06:00:00+00:00,2026-05-14 09:00:00+00:00,2.987222222222222,0,2.1817093938563286,0.012204245171729711,0.4912478446391597,1230.4549301381328,1.1412875193686496,2.220446049250313e-16
2026-05-14 15:00:00+00:00,2026-05-14 16:00:00+00:00,0.9830555555555556,0,1.9549865526954509,0.0,0.23398554797969473,666.8801434623813,-0.061634590437666587,0.0
2026-05-14 17:00:00+00:00,2026-05-14 19:00:00+00:00,1.9952777777777777,1,2.6228642067820527,0.012656370687467918,0.7200884853200505,2026.2766601178048,-0.04679297411866745,1.942890293094024e-16
2026-05-14 20:00:00+00:00,2026-05-14 23:00:00+00:00,2.9969444444444444,0,2.222457744772968,0.007229359203946914,0.5474106870690336,1280.768804994674,1.158016983407787,2.220446049250313e-16
2026-05-15 02:00:00+00:00,2026-05-15 04:00:00+00:00,1.9552777777777777,0,2.699440775033632,0.003051359875203159,0.6883990097238786,860.2850891630151,1.390751028056819,2.220446049250313e-16
2026-05-15 09:00:00+00:00,2026-05-15 13:00:00+00:00,3.9902777777777776,1,2.9387803459029187,0.018623353528813037,1.0387438999722152,2330.424857013614,-1.2273228156567835,0.0
2026-05-15 14:00:00+00:00,2026-05-16 06:00:00+00:00,15.980833333333333,6,14.418691239904803,0.0318722879278366,2.428005985167057,3983.7794833508588,6.166348911269914,3.552713678800501e-15
2026-05-16 10:00:00+00:00,2026-05-17 03:00:00+00:00,16.9975,3,9.691683906154584,0.03228757981243695,1.0001682847768376,4476.3571377415365,3.3573827761864607,8.881784197001252e-16
2026-05-17 05:00:00+00:00,2026-05-17 19:00:00+00:00,13.965277777777779,2,6.084558309316321,-0.02820632275844444,1.0676733286151576,4622.8761200310955,0.6883807292864672,0.0
2026-05-18 01:00:00+00:00,2026-05-18 11:00:00+00:00,9.995,4,12.910305549846246,-0.00733617620673626,1.919249202548079,3144.386368392343,6.412112927493226,8.881784197001252e-16
2026-05-19 02:00:00+00:00,2026-05-19 03:00:00+00:00,0.9702777777777778,0,1.3271690616461027,0.0,0.6479549321389486,839.0651367493529,0.22403298200629196,0.0
2026-05-19 04:00:00+00:00,2026-05-19 08:00:00+00:00,3.984166666666667,1,3.24473747432641,0.0052564021284511415,0.47059271157422733,1410.8394035949202,1.788498841050847,4.440892098500626e-16
2026-05-19 10:00:00+00:00,2026-05-19 11:00:00+00:00,0.97,0,1.9117775069031193,0.0,0.3001811353880896,922.690436792217,0.840306927764107,0.0
2026-05-19 13:00:00+00:00,2026-05-19 14:00:00+00:00,0.9930555555555556,0,2.2368911728827223,0.0,0.3131471352527776,598.0256804070511,1.6982368370785785,4.440892098500626e-16
2026-05-19 15:00:00+00:00,2026-05-19 16:00:00+00:00,0.9941666666666666,0,1.4979900442355423,0.0,0.3698887186676937,968.3588577047972,0.5303009914220331,0.0
2026-05-19 17:00:00+00:00,2026-05-19 22:00:00+00:00,4.9911111111111115,1,4.280616322236501,0.022319873020266803,0.7288608485437527,1614.0128960900004,0.8881415764948765,4.440892098500626e-16
2026-05-20 00:00:00+00:00,2026-05-20 02:00:00+00:00,1.9908333333333332,0,3.5845403870185457,0.005317346853768504,0.20966829927543829,851.83473580076,2.5105136242251187,0.0
2026-05-20 03:00:00+00:00,2026-05-20 05:00:00+00:00,1.99,0,1.0160031183277116,0.0011627446049672287,0.32534277697902186,921.1449164731193,0.14665238491379795,0.0
2026-05-20 07:00:00+00:00,2026-05-20 11:00:00+00:00,3.9975,0,3.1282447138666485,0.02618583664762682,0.4965714086160543,2237.8954355968226,0.8893267463990028,0.0
2026-05-20 15:00:00+00:00,2026-05-20 18:00:00+00:00,2.982222222222222,0,3.7820677298593965,0.013914015362691096,0.3157372530152856,1185.5291962023962,2.4254863483089397,0.0
2026-05-20 22:00:00+00:00,2026-05-21 00:00:00+00:00,1.9547222222222222,0,1.3149860524922814,0.006358320110274321,0.337306965363115,1018.0466255469657,0.40970455488586816,1.1102230246251565e-16
2026-05-21 01:00:00+00:00,2026-05-21 04:00:00+00:00,2.9780555555555557,0,2.745618204248833,0.015448095871145739,0.324684094347959,1438.5352112302585,1.3269549544635066,0.0
2026-05-21 11:00:00+00:00,2026-05-21 15:00:00+00:00,3.99,1,5.11192100904786,0.005769571080301371,0.4584354544565695,1149.0138199586286,3.8904964420285113,0.0
2026-05-21 20:00:00+00:00,2026-05-22 12:00:00+00:00,15.987222222222222,3,10.766409563454683,0.09347903091990623,1.3955318248989443,6060.084066047149,0.460343784063149,1.3322676295501878e-15
2026-05-22 15:00:00+00:00,2026-05-22 18:00:00+00:00,2.9969444444444444,1,3.735860207476327,0.006853877635982605,0.9063340646449993,1503.1108377731443,1.8640660980806514,0.0
2026-05-22 21:00:00+00:00,2026-05-22 22:00:00+00:00,0.9547222222222222,0,1.3914583984671416,0.0,0.21355300116333337,586.6384064387979,0.37085004580547126,0.0
2026-05-22 23:00:00+00:00,2026-05-23 04:00:00+00:00,4.9925,1,5.6848787206289835,0.005829190006995702,0.6312889248448279,1021.5527598033445,3.1482567311871987,8.881784197001252e-16
2026-05-23 08:00:00+00:00,2026-05-23 13:00:00+00:00,4.983333333333333,1,3.797771175501583,-1.9350747384637485e-05,0.639898916436114,1076.2921786542236,2.1403087127827476,0.0
2026-05-23 15:00:00+00:00,2026-05-23 18:00:00+00:00,2.991111111111111,0,3.656017524379458,-0.004322792574230486,0.3110119312593561,1200.7738972200996,2.5592345879540446,4.440892098500626e-16
2026-05-23 19:00:00+00:00,2026-05-23 20:00:00+00:00,0.9863888888888889,0,0.8888985175748001,0.0,0.25224671478524846,614.4453887253617,0.31075840829895174,0.0
2026-05-23 22:00:00+00:00,2026-05-24 06:00:00+00:00,7.933333333333334,1,4.881500451906712,0.03289554899193747,0.9129146765521372,2582.183587412971,2.1814412417738165,4.440892098500626e-16
2026-05-24 08:00:00+00:00,2026-05-24 12:00:00+00:00,3.995833333333333,0,1.925356716935451,0.008225161921242506,0.2832481739229534,1108.7571079475592,0.8172591026377058,8.881784197001252e-16
2026-05-24 15:00:00+00:00,2026-05-24 20:00:00+00:00,4.969722222222222,1,3.3636965358759574,0.0221427141875978,0.8423335763677199,2253.851732285386,-0.4108134168997963,0.0
2026-05-25 02:00:00+00:00,2026-05-25 04:00:00+00:00,1.9505555555555556,1,1.6331920502739226,-0.0034056385337764765,0.6482673916120916,560.8234583771141,0.3260542722401205,0.0
2026-05-25 06:00:00+00:00,2026-05-25 13:00:00+00:00,6.981111111111111,1,3.9913774379091422,0.008171517456343293,0.5290528001374304,1564.1131390325218,1.7452237223010667,0.0
2026-05-25 15:00:00+00:00,2026-05-25 16:00:00+00:00,0.9986111111111111,0,1.495952050571934,0.0,0.514146525891352,732.3766235282201,0.6951642553398812,1.1102230246251565e-16
2026-05-25 21:00:00+00:00,2026-05-25 22:00:00+00:00,0.9636111111111111,0,0.7729771945804151,0.0,0.35387770812888897,826.8660156567169,0.0065397198344046,0.0
2026-05-26 01:00:00+00:00,2026-05-26 07:00:00+00:00,5.983055555555556,3,4.113354755490808,0.028270023638784697,1.3471703392466146,2332.8881482006886,0.15664652537249002,0.0
2026-05-26 08:00:00+00:00,2026-05-26 10:00:00+00:00,1.9216666666666666,0,1.2697529088750787,0.0002939503467177001,0.34863602267190896,783.5935625268007,0.3524793420483808,2.220446049250313e-16
2026-05-26 12:00:00+00:00,2026-05-26 14:00:00+00:00,1.9916666666666667,1,2.5859968585849358,0.00485209447884283,0.866112584340387,930.9669219640846,0.8382636083435839,0.0
2026-05-26 18:00:00+00:00,2026-05-27 00:00:00+00:00,5.974444444444444,2,4.829439280450232,0.0042209458231597646,0.9125668266352955,2795.580206781041,-0.7335774171344894,8.881784197001252e-16
2026-05-27 02:00:00+00:00,2026-05-27 13:00:00+00:00,10.99638888888889,2,9.706853211503608,0.027003305314004723,1.2386839439351387,4106.739129942516,4.20219898481106,0.0
2026-05-27 14:00:00+00:00,2026-05-27 17:00:00+00:00,2.9444444444444446,1,4.972039023724098,0.004864690816346939,0.7158559012173941,1610.6769243965705,2.4705143603576,0.0
2026-05-27 18:00:00+00:00,2026-05-27 20:00:00+00:00,1.998888888888889,1,3.8750254667413246,0.0026741931449406767,0.7498960202524023,948.0821194592345,2.282702853778926,0.0
2026-05-27 22:00:00+00:00,2026-05-28 01:00:00+00:00,2.9794444444444443,1,5.467130911599106,0.0012678601517046172,0.595160090397251,1945.8415586557744,3.170043396300615,0.0
2026-05-28 02:00:00+00:00,2026-05-28 03:00:00+00:00,0.9913888888888889,0,1.8509012338346817,0.0,0.5251424879943803,525.9670790691396,0.8770208669700815,1.1102230246251565e-16
2026-05-28 04:00:00+00:00,2026-05-28 07:00:00+00:00,2.9919444444444445,0,6.987451544849769,-0.003352626511837797,0.30798898425780813,1759.5322268567975,4.630229880956747,8.881784197001252e-16
2026-05-28 10:00:00+00:00,2026-05-28 13:00:00+00:00,2.93,0,3.643798843023243,-0.006092704745935842,0.5612926653785592,1758.100311078846,1.9555851805355324,4.440892098500626e-16
2026-05-28 15:00:00+00:00,2026-05-28 16:00:00+00:00,0.9961111111111111,0,2.353625734819698,0.0,0.7344900495274984,915.02896369379,1.0142200356459288,0.0
2026-05-28 20:00:00+00:00,2026-05-28 21:00:00+00:00,0.9894444444444445,0,1.3854259520538375,0.0,0.5687308423778892,898.8967463648573,0.5012234332758577,1.1102230246251565e-16
2026-05-28 23:00:00+00:00,2026-05-29 02:00:00+00:00,2.987222222222222,1,1.8304225578269295,0.00421597068426051,0.873625143832572,1412.062634230947,-0.3459351333004024,1.1102230246251565e-16
2026-05-29 13:00:00+00:00,2026-05-29 15:00:00+00:00,1.9958333333333333,0,4.625661518455177,0.004205707616392947,0.2142465139898145,673.3963595916166,3.991730340426843,0.0
2026-05-29 20:00:00+00:00,2026-05-29 21:00:00+00:00,0.9705555555555555,0,0.8253531149505087,0.0,0.38660597969616317,700.9809246744073,0.19299765014402356,0.0
2026-05-29 23:00:00+00:00,2026-05-30 03:00:00+00:00,3.9963888888888888,1,2.3341411500599127,0.009948696260413607,0.603377770572772,1293.4494676537424,1.0090188685204204,4.440892098500626e-16
2026-05-30 06:00:00+00:00,2026-05-30 14:00:00+00:00,7.982222222222222,0,2.2810706582771347,0.03077478870077102,0.34392351906748336,1640.049740721366,1.0374859708720885,4.440892098500626e-16
2026-05-30 15:00:00+00:00,2026-05-30 22:00:00+00:00,6.996944444444445,0,2.958400530830848,0.014094729451749624,0.1969769158094757,962.788560786061,2.2473807143539104,0.0
2026-05-30 23:00:00+00:00,2026-05-31 07:00:00+00:00,7.963888888888889,2,3.3401092130707424,0.03632126403699672,1.2026489631524315,2980.2936228864837,-0.5176205281279573,0.0
2026-05-31 10:00:00+00:00,2026-05-31 14:00:00+00:00,3.977222222222222,1,1.7837151681330097,0.009909553646552913,0.8803332850889953,1676.9478869410673,0.05440678924423492,1.6653345369377348e-16
2026-05-31 17:00:00+00:00,2026-06-01 01:00:00+00:00,7.986666666666666,2,9.69677341090543,0.04355581749043788,0.7520101705803234,4034.8802608721267,0.5280412975848143,0.0
2026-06-01 10:00:00+00:00,2026-06-01 13:00:00+00:00,2.986666666666667,0,3.3018331932472846,0.020652239626142647,0.25499294879562456,1975.8670814702216,0.36933071039212273,0.0
2026-06-01 14:00:00+00:00,2026-06-01 17:00:00+00:00,2.997777777777778,0,9.117496919752814,0.021466699473756,0.3144438070450531,1777.8412187960691,5.158983026982583,0.0
2026-06-01 18:00:00+00:00,2026-06-01 19:00:00+00:00,0.9936111111111111,0,1.172600559913791,0.0,0.29852829573453554,781.3187024305203,0.40566455294591625,2.220446049250313e-16
2026-06-01 20:00:00+00:00,2026-06-01 21:00:00+00:00,0.9966666666666667,0,0.7417730890586351,0.0,0.3070142942220953,574.8391802221043,0.2217633269791734,0.0
2026-06-01 23:00:00+00:00,2026-06-02 00:00:00+00:00,0.9819444444444444,0,1.842684813083168,0.0,0.4271294209669182,848.6254431191887,1.09114612616479,0.0
2026-06-02 06:00:00+00:00,2026-06-02 14:00:00+00:00,7.994166666666667,4,12.524448243585978,0.06531860675973103,2.0357286955885745,3745.2954562915293,6.197956789812184,4.440892098500626e-16
2026-06-02 16:00:00+00:00,2026-06-02 18:00:00+00:00,1.9938888888888888,1,2.2100338150676144,0.005916579807807091,0.6252366932309456,946.0760544971185,0.08270336811799067,4.440892098500626e-16
2026-06-02 19:00:00+00:00,2026-06-02 22:00:00+00:00,2.9963888888888888,1,6.405504078489307,0.0129133314764761,1.1499099598657683,1168.5936851011302,2.7434344529088457,1.1102230246251565e-16
2026-06-03 00:00:00+00:00,2026-06-03 02:00:00+00:00,1.9880555555555555,1,3.6279184148121413,0.0027320760113296,0.9574277837277813,879.5250179390404,0.4411725066051023,0.0
2026-06-03 06:00:00+00:00,2026-06-03 13:00:00+00:00,6.971388888888889,3,10.967174144491125,0.026962262700428626,1.3579448425526117,2178.309361266651,4.286609014867406,8.881784197001252e-16
2026-06-03 16:00:00+00:00,2026-06-03 19:00:00+00:00,2.986388888888889,1,6.930633283910535,-0.004781021028831811,0.5276831410689853,1833.1985648755772,4.14922018058853,4.440892098500626e-16
2026-06-04 02:00:00+00:00,2026-06-04 03:00:00+00:00,0.9941666666666666,0,1.5549629048339484,0.0,0.24974011640570096,727.7455804163563,-0.22208305509459564,0.0
2026-06-04 04:00:00+00:00,2026-06-04 05:00:00+00:00,0.9988888888888889,0,2.6249169730686384,0.0,0.7143150248696463,709.268681761492,1.0642275134031307,1.1102230246251565e-16
2026-06-04 08:00:00+00:00,2026-06-04 09:00:00+00:00,0.9852777777777778,0,3.0514539089166344,0.0,0.8226555502879883,921.9982636786906,1.1898796681730377,0.0
2026-06-04 13:00:00+00:00,2026-06-04 21:00:00+00:00,7.995277777777778,6,23.622498788187023,0.03072235033094589,2.3894170603283578,3530.1696739848753,11.455975592561474,3.552713678800501e-15
2026-06-04 22:00:00+00:00,2026-06-05 02:00:00+00:00,3.9988888888888887,2,17.739799162623218,0.0073317783299458855,1.4673863217446446,1589.9731364885843,9.986540915522763,0.0
2026-06-05 03:00:00+00:00,2026-06-05 05:00:00+00:00,1.996388888888889,0,8.534532148072493,0.006219275231470234,0.24764922347608614,1118.5167248780335,3.732806170236944,1.7763568394002505e-15
2026-06-05 12:00:00+00:00,2026-06-05 13:00:00+00:00,0.9977777777777778,0,5.720796298607575,0.0,0.8150899622801524,895.3650947782028,2.889619225175681,0.0
2026-06-05 14:00:00+00:00,2026-06-05 15:00:00+00:00,0.9991666666666666,0,11.204593695504734,0.0,0.7243664416488962,550.7972228951957,5.098412388894411,4.440892098500626e-16
2026-06-05 16:00:00+00:00,2026-06-05 17:00:00+00:00,0.9997222222222222,0,6.9086581632494655,0.0,0.26415051476790863,788.1057005872485,0.6630529903308302,8.881784197001252e-16
2026-06-05 19:00:00+00:00,2026-06-05 20:00:00+00:00,0.9975,0,12.369042912762323,0.0,0.22447121575571696,632.4317098211422,7.899053337136121,1.7763568394002505e-15
2026-06-06 08:00:00+00:00,2026-06-06 09:00:00+00:00,0.9955555555555555,0,2.397055046917603,0.0,0.32121165277004954,1005.5026846954693,0.091325038190125,0.0
2026-06-06 14:00:00+00:00,2026-06-06 17:00:00+00:00,2.9905555555555554,1,8.333734483583154,0.0039980557738127165,0.5125840332146634,1583.0549695470743,6.577379273994144,0.0
2026-06-06 18:00:00+00:00,2026-06-06 23:00:00+00:00,4.998888888888889,1,9.137697451991356,0.0066943928613540545,0.5285824215471102,1645.7177108481217,6.730508470339484,0.0
2026-06-07 00:00:00+00:00,2026-06-07 01:00:00+00:00,0.9977777777777778,0,2.190120519157993,0.0,0.8160262722273819,896.3239039052743,0.3156050452340124,5.551115123125783e-17
2026-06-07 02:00:00+00:00,2026-06-07 05:00:00+00:00,2.960277777777778,1,5.686461052470566,0.0020445615470615283,0.5298397671246943,947.0870022172799,4.1285700579963205,0.0
2026-06-07 07:00:00+00:00,2026-06-07 08:00:00+00:00,0.9958333333333333,0,2.1442032756998244,0.0,0.29055396684141377,885.3153476216588,1.1046386743341037,0.0
2026-06-07 09:00:00+00:00,2026-06-07 12:00:00+00:00,2.9819444444444443,2,6.6548626122098575,-0.001271745384386284,0.91426837430721,1009.9982323573947,0.6768524169405115,4.440892098500626e-16
2026-06-07 13:00:00+00:00,2026-06-07 14:00:00+00:00,0.9983333333333333,0,3.3352205587514314,0.0,0.47779134101576687,531.1879015907581,2.5306360216980255,4.440892098500626e-16
2026-06-07 15:00:00+00:00,2026-06-07 19:00:00+00:00,3.9919444444444445,1,6.0889120768407,-0.001766268234585996,0.8254275408533954,1384.6697616557221,4.021084874682583,0.0
2026-06-07 21:00:00+00:00,2026-06-07 22:00:00+00:00,0.9988888888888889,0,2.3295835552037425,0.0,0.2743702999302489,823.2701981972334,0.5609801341140623,0.0
2026-06-08 00:00:00+00:00,2026-06-08 01:00:00+00:00,0.9997222222222222,0,1.8498327658646179,0.0,0.22747454426736233,641.1568210170446,0.30393964490930103,0.0
2026-06-08 02:00:00+00:00,2026-06-08 04:00:00+00:00,1.9966666666666666,0,4.69177841731336,-0.001475826550334656,0.7743975076548713,1617.5830135942647,2.5004874728666846,2.220446049250313e-16
2026-06-08 09:00:00+00:00,2026-06-08 11:00:00+00:00,1.9847222222222223,1,6.275313146259554,0.0019662053528373396,0.651507202590313,954.0977666067339,3.129821417029908,8.881784197001252e-16
2026-06-08 14:00:00+00:00,2026-06-08 21:00:00+00:00,6.999722222222222,2,14.476218482545807,-0.002534782106038665,0.7840796265904246,2201.9324747609526,7.852294136139429,3.552713678800501e-15
2026-06-08 22:00:00+00:00,2026-06-08 23:00:00+00:00,0.9977777777777778,0,0.5920231867939016,0.0,0.5004526717448021,870.4196418580586,-0.20164231545302683,5.551115123125783e-17
2026-06-09 01:00:00+00:00,2026-06-09 04:00:00+00:00,2.9730555555555553,1,5.795794827842509,0.0037421414275545014,0.5774749490781692,1255.096464362405,3.4650600398323443,0.0
2026-06-09 05:00:00+00:00,2026-06-09 11:00:00+00:00,5.991666666666666,2,9.400259131935378,0.020632671127901344,1.080444151826459,2857.761892191402,4.084984266456644,8.881784197001252e-16
2026-06-09 15:00:00+00:00,2026-06-09 17:00:00+00:00,1.9947222222222223,1,6.030697924332385,0.01057659418004573,1.2017531043543266,2021.0801112967374,0.665857417346907,4.440892098500626e-16
2026-06-09 19:00:00+00:00,2026-06-09 21:00:00+00:00,1.9955555555555555,1,4.8762452532273235,-0.002719487378358225,0.4849144221421711,817.8948642857492,3.121812272974475,0.0
2026-06-09 23:00:00+00:00,2026-06-10 01:00:00+00:00,1.991111111111111,0,4.95530127277916,-0.00753711473124334,0.30707221305639887,1104.1025427149048,2.9202640336324692,0.0
2026-06-10 04:00:00+00:00,2026-06-10 07:00:00+00:00,2.9947222222222223,0,4.637306543985557,-0.0015242150903219372,0.1949691687492276,1928.3796138202636,1.8603190672325787,8.881784197001252e-16
2026-06-10 09:00:00+00:00,2026-06-10 11:00:00+00:00,1.9844444444444445,1,4.410577138890222,-0.004795387118023389,0.5271342010397119,870.7774395014758,2.364774275123005,0.0
2026-06-10 14:00:00+00:00,2026-06-10 16:00:00+00:00,1.993611111111111,1,6.224542729041115,-0.00031438014466625804,0.5933233423084281,676.6663369780376,1.993171796282706,0.0
2026-06-10 18:00:00+00:00,2026-06-10 21:00:00+00:00,2.986111111111111,0,7.329454223324608,-0.0025947200792108987,0.6806376510779959,1605.7664941045027,5.881471005060021,0.0
2026-06-10 22:00:00+00:00,2026-06-11 00:00:00+00:00,1.9672222222222222,1,4.197266399069647,-0.0008161115883023788,0.42874499406656896,637.3492036543448,1.772753782534564,8.881784197001252e-16
2026-06-11 02:00:00+00:00,2026-06-11 03:00:00+00:00,0.9805555555555555,0,1.2922178345907982,0.0,0.577510947650533,651.6740252630477,0.25797074221501887,0.0
2026-06-11 04:00:00+00:00,2026-06-11 05:00:00+00:00,0.9811111111111112,0,1.6687792400371084,0.0,0.33296654441933665,923.2740831073909,0.7129600582042823,2.220446049250313e-16
2026-06-11 07:00:00+00:00,2026-06-11 08:00:00+00:00,0.9936111111111111,0,1.2047349871098965,0.0,0.45027908378903364,637.0564733687277,0.5143939179486384,1.1102230246251565e-16
2026-06-11 09:00:00+00:00,2026-06-11 12:00:00+00:00,2.981388888888889,0,3.188072088612334,0.003416642045272938,0.260185571265438,817.6971994052126,1.1088871890602034,0.0
2026-06-11 13:00:00+00:00,2026-06-11 17:00:00+00:00,3.984166666666667,1,10.08420975862988,0.005542920126549594,1.1657773275148922,891.509082052007,4.610771620775208,8.881784197001252e-16
2026-06-11 18:00:00+00:00,2026-06-11 20:00:00+00:00,1.9952777777777777,0,4.780756787312032,0.008758154117180138,0.7889259766405131,1854.0461931365262,2.689735326994493,1.1102230246251565e-16
2026-06-11 22:00:00+00:00,2026-06-12 01:00:00+00:00,2.9897222222222224,0,4.33423151328126,0.003610748623914693,0.6211665085259126,1600.1708551554693,2.6459424785415973,0.0
2026-06-12 11:00:00+00:00,2026-06-12 12:00:00+00:00,0.9936111111111111,0,1.301916489334759,0.0,0.4270363400793682,604.1181430754523,0.6510994155459179,0.0
2026-06-12 17:00:00+00:00,2026-06-13 01:00:00+00:00,7.973055555555556,3,8.207317448680282,0.008951118324834199,1.20720183926369,2672.1846812877457,4.241729021713268,8.881784197001252e-16
2026-06-13 03:00:00+00:00,2026-06-13 07:00:00+00:00,3.9891666666666667,0,4.650967030073401,0.026585860241369566,0.23827988611385434,1791.7222454917837,2.258828295391279,0.0
2026-06-13 08:00:00+00:00,2026-06-13 16:00:00+00:00,7.981388888888889,1,5.120531967039964,0.04995495017152142,0.567553418550343,2916.963195162293,1.218775527206077,0.0
2026-06-13 17:00:00+00:00,2026-06-13 20:00:00+00:00,2.9963888888888888,0,1.9814989823955793,0.014150975250971712,0.3382929498492386,1716.4580095532654,0.006435814216272151,0.0
2026-06-13 22:00:00+00:00,2026-06-14 10:00:00+00:00,11.974444444444444,3,5.443114447355013,0.06776267364948327,1.384271984888289,3778.580559568177,0.894090487380566,6.661338147750939e-16
2026-06-14 13:00:00+00:00,2026-06-14 14:00:00+00:00,0.9586111111111111,0,1.0160007838475422,0.0,0.5603000522764281,940.5290760663884,0.13858134695381796,1.1102230246251565e-16
2026-06-14 16:00:00+00:00,2026-06-14 20:00:00+00:00,3.9747222222222223,0,2.8453156034115814,0.026909343683442652,0.3390869242098484,1658.6407209463973,1.0293310620023663,4.440892098500626e-16
2026-06-14 22:00:00+00:00,2026-06-15 09:00:00+00:00,10.996944444444445,5,12.883427501286915,0.05231337393458676,1.864838933688869,2607.950590160237,5.773785976359548,2.6645352591003757e-15
2026-06-15 14:00:00+00:00,2026-06-15 15:00:00+00:00,0.9941666666666666,0,3.0624647886794625,0.0,0.2939483213910042,563.9349238746697,2.553054242721786,4.440892098500626e-16
2026-06-15 16:00:00+00:00,2026-06-15 17:00:00+00:00,0.9969444444444444,0,4.349737799039774,0.0,0.4833712890965439,652.4571990001873,3.594301948807993,0.0
2026-06-15 18:00:00+00:00,2026-06-15 22:00:00+00:00,3.988611111111111,2,6.7225960579231705,0.017027878211056103,1.4998998564653705,1072.8989749774773,1.1371992960580177,8.881784197001252e-16
2026-06-15 23:00:00+00:00,2026-06-16 02:00:00+00:00,2.9758333333333336,2,5.329736343133483,0.0082815370111331,0.7641524102271897,904.4544324364838,1.6284657503341233,8.881784197001252e-16
2026-06-16 05:00:00+00:00,2026-06-16 06:00:00+00:00,0.995,0,1.3951686115963837,0.0,0.3861385428556553,765.7631304533237,0.7143036718492504,2.220446049250313e-16
2026-06-16 07:00:00+00:00,2026-06-16 08:00:00+00:00,0.9886111111111111,0,1.6612736703572026,0.0,0.2770727149897187,718.8584593121841,0.9624557469445927,0.0
2026-06-16 15:00:00+00:00,2026-06-16 16:00:00+00:00,0.9991666666666666,0,3.358409395751333,0.0,0.2397367331138641,688.0676657092849,2.460712089293137,0.0
2026-06-16 18:00:00+00:00,2026-06-17 08:00:00+00:00,13.9875,4,17.144371818538986,0.07760669512146318,2.1822185963206993,4537.426214062898,9.12643281766672,1.7763568394002505e-15
2026-06-17 10:00:00+00:00,2026-06-17 15:00:00+00:00,4.997777777777777,3,10.145981395644894,0.030210296500045777,1.8706612978406978,3124.332907117383,3.632295771660078,1.1102230246251565e-15
2026-06-17 16:00:00+00:00,2026-06-17 17:00:00+00:00,0.9944444444444445,0,2.771889518420697,0.0,0.6455292024036632,989.6475670742959,1.7546922383035808,0.0
2026-06-17 22:00:00+00:00,2026-06-17 23:00:00+00:00,0.9883333333333333,0,1.3748391323399505,0.0,0.3740178170828694,946.9196651045011,0.451624308724583,0.0
2026-06-18 01:00:00+00:00,2026-06-18 03:00:00+00:00,1.9994444444444444,0,1.1571722520732108,0.0017980994143610269,0.28899149932696755,879.033607771964,0.34056753347525104,0.0
2026-06-18 05:00:00+00:00,2026-06-18 07:00:00+00:00,1.9961111111111112,0,4.536567546334159,0.002290576609559444,0.21997176573792956,786.4437456091662,3.1210366496777895,0.0
2026-06-18 08:00:00+00:00,2026-06-18 13:00:00+00:00,4.991944444444444,1,5.6074520300342225,0.031942794232477936,0.7043200543469168,1644.7275600640387,2.559502843690181,0.0
2026-06-18 14:00:00+00:00,2026-06-18 15:00:00+00:00,0.9972222222222222,0,4.078524850460294,0.0,0.2610566485840889,770.9869006913843,2.9532522008204234,0.0
2026-06-18 16:00:00+00:00,2026-06-18 19:00:00+00:00,2.9947222222222223,2,5.302417362631301,0.006020709459807196,0.7976011686239095,1810.920064441441,-0.2609864999004395,0.0
2026-06-18 21:00:00+00:00,2026-06-19 02:00:00+00:00,4.938888888888889,1,4.888488062904516,0.02607544017594865,0.7164021042814088,2035.019583418291,2.4102523730602066,0.0
2026-06-19 08:00:00+00:00,2026-06-19 09:00:00+00:00,0.9869444444444444,0,1.4999793811058786,0.0,0.22698414188280866,625.8025295486466,0.8776110117270809,0.0
2026-06-19 10:00:00+00:00,2026-06-19 16:00:00+00:00,5.991666666666666,3,9.863801541547238,0.0110552028439444,0.9229389938514581,2313.2867737670435,6.52366324577452,1.7763568394002505e-15
2026-06-19 17:00:00+00:00,2026-06-19 20:00:00+00:00,2.9897222222222224,1,2.993964053946946,0.013774860061793591,0.9706812093967915,1374.7405578390112,0.09937171474379225,4.440892098500626e-16
2026-06-19 23:00:00+00:00,2026-06-20 04:00:00+00:00,4.975555555555555,0,3.188340762280997,0.016822023289403944,0.4874762281306816,2109.9151154284705,0.8397958688138066,4.440892098500626e-16
2026-06-20 06:00:00+00:00,2026-06-20 13:00:00+00:00,6.974444444444444,2,4.914501221902936,0.04208165581854169,1.3579518142930775,2981.7333329505427,0.7069039575229954,2.220446049250313e-16
2026-06-20 18:00:00+00:00,2026-06-20 21:00:00+00:00,2.9563888888888887,0,2.107861874004554,0.007789462539141338,0.27157103054940857,994.6491753300531,1.161643092103458,0.0
2026-06-20 23:00:00+00:00,2026-06-21 04:00:00+00:00,4.996388888888889,1,2.232500359191559,0.025433192359355664,0.6848711559254473,1598.0370158966625,-0.03089698929468787,2.220446049250313e-16
2026-06-21 12:00:00+00:00,2026-06-21 20:00:00+00:00,7.971666666666667,3,5.578598593392716,-0.011848114703899687,1.074743173444624,2651.019836315756,0.5264203920527126,0.0
2026-06-21 21:00:00+00:00,2026-06-21 23:00:00+00:00,1.9802777777777778,0,2.672805914647415,-0.005329469680678349,0.6283029343282671,1860.3892173165045,0.581156937638077,0.0
2026-06-22 05:00:00+00:00,2026-06-22 07:00:00+00:00,1.993611111111111,0,1.2827194896692689,0.0013376770374607598,0.3814114481773012,584.9150307959477,0.5436880204705398,0.0
2026-06-22 08:00:00+00:00,2026-06-22 11:00:00+00:00,2.9922222222222223,0,3.224934257747515,0.006962308359748252,0.2937413424657611,1165.348994202769,2.157191410272374,4.440892098500626e-16
2026-06-22 12:00:00+00:00,2026-06-22 14:00:00+00:00,1.9997222222222222,0,5.124053566379432,0.010414864270326651,0.2058577690157673,1672.8518917402264,-0.7366089403029601,0.0
2026-06-22 16:00:00+00:00,2026-06-22 18:00:00+00:00,1.9730555555555556,0,2.2023661153216687,-0.0007907942646547166,0.704666337188083,1994.7362552884238,0.0833425747909936,2.7755575615628914e-16
2026-06-22 19:00:00+00:00,2026-06-22 22:00:00+00:00,2.9858333333333333,0,4.408842047885459,0.010228871764818267,0.6707041928304674,1001.9857102960716,3.2342831455674883,0.0
2026-06-22 23:00:00+00:00,2026-06-23 03:00:00+00:00,3.9941666666666666,1,5.256633758912879,0.002685483770704474,0.5498376723931955,1776.9249445519904,2.967260311241539,0.0
2026-06-23 09:00:00+00:00,2026-06-23 11:00:00+00:00,1.9544444444444444,0,0.8603046129503271,0.0,0.24626842943899194,713.2607363432805,0.10316910217596245,1.1102230246251565e-16
2026-06-23 12:00:00+00:00,2026-06-23 19:00:00+00:00,6.985277777777778,3,14.3991084464737,-0.004144138293612534,1.39453736853129,3151.5807134137863,7.765592202353381,0.0
2026-06-23 20:00:00+00:00,2026-06-24 02:00:00+00:00,5.985555555555556,2,5.0327374317022695,0.006305695191878478,0.8820099534847052,2383.6197372994393,1.8773812594262715,0.0
2026-06-24 03:00:00+00:00,2026-06-24 09:00:00+00:00,5.964166666666666,2,6.383031394689715,0.010027232964329533,0.833989324966712,1936.0097954193884,3.6083229245921045,8.881784197001252e-16
2026-06-24 10:00:00+00:00,2026-06-24 11:00:00+00:00,0.9813888888888889,0,1.8007147039006672,0.0,0.6346898583315733,539.5575777647089,0.34273689112248085,0.0
2026-06-24 14:00:00+00:00,2026-06-24 15:00:00+00:00,0.9975,0,4.729876640048977,0.0,0.24683186837647428,697.1141563837136,4.021985711367542,8.881784197001252e-16
2026-06-24 18:00:00+00:00,2026-06-24 20:00:00+00:00,1.9997222222222222,1,5.184553470553455,0.0,0.48060564715204784,1463.19062433841,-0.662660170443659,8.881784197001252e-16
2026-06-24 21:00:00+00:00,2026-06-24 22:00:00+00:00,0.9958333333333333,0,1.9674911286698016,0.0,0.22847677467509833,645.3081085309188,0.15732552687287676,0.0
2026-06-25 00:00:00+00:00,2026-06-25 04:00:00+00:00,3.9680555555555554,0,6.0059834568112915,-0.00850950281373681,0.726406286339079,2263.902051225057,3.437145066826486,8.881784197001252e-16
2026-06-25 07:00:00+00:00,2026-06-25 08:00:00+00:00,0.9988888888888889,0,1.4916442144880648,0.0,0.19532145852305777,515.4972954026521,0.905195543164503,0.0
2026-06-25 11:00:00+00:00,2026-06-25 13:00:00+00:00,1.9927777777777778,1,2.666190871238797,-0.009119504037820964,0.6855398935198023,2027.220132422157,0.24400126748197792,2.220446049250313e-16
2026-06-25 15:00:00+00:00,2026-06-25 16:00:00+00:00,0.9966666666666667,0,2.594076834865478,0.0,0.22576986017172893,602.4034061169514,2.005307985218498,4.440892098500626e-16
2026-06-25 20:00:00+00:00,2026-06-25 21:00:00+00:00,0.9977777777777778,0,1.1295403765893095,0.0,0.542993105184016,1003.7765007323345,0.2392405587339927,0.0
2026-06-25 23:00:00+00:00,2026-06-26 01:00:00+00:00,1.995,0,3.591440861398525,-0.02124706089140207,0.8374242174208606,1996.25004354874,1.5331003560065586,0.0
2026-06-26 10:00:00+00:00,2026-06-26 12:00:00+00:00,1.9947222222222223,1,5.165387877411485,-0.005008687423100536,0.9936929759800879,809.1511251885647,2.174326125357719,0.0
2026-06-26 14:00:00+00:00,2026-06-26 15:00:00+00:00,0.9994444444444445,0,7.410988984235018,0.0,0.732955120580026,578.4102008919538,3.728086665907584,0.0
2026-06-26 16:00:00+00:00,2026-06-26 18:00:00+00:00,1.9975,0,4.512320865270955,-0.004649316683614357,0.34125358272044637,1620.9257901933327,2.362486603067286,0.0
2026-06-26 19:00:00+00:00,2026-06-27 02:00:00+00:00,6.926388888888889,4,6.535832473724714,-0.016059610022525192,1.8627060261785235,4105.595751137841,0.2953758039590313,8.881784197001252e-16
2026-06-27 03:00:00+00:00,2026-06-27 13:00:00+00:00,9.98638888888889,3,6.765116471722668,-0.06279723440622721,1.408819932112579,4053.7387831361693,1.7956989435331963,8.881784197001252e-16
2026-06-27 14:00:00+00:00,2026-06-27 15:00:00+00:00,0.9941666666666666,0,0.8150663989639588,0.0,0.26834625811551316,621.6723003928631,0.240536721049858,0.0
2026-06-27 16:00:00+00:00,2026-06-27 17:00:00+00:00,0.985,0,0.8918109479716859,0.0,0.3407184081236915,738.2021646714245,0.2255124322689959,0.0
2026-06-27 18:00:00+00:00,2026-06-27 19:00:00+00:00,0.9922222222222222,0,0.7842102131583376,0.0,0.30256548599821703,793.3963008099055,0.003738124251702224,0.0
2026-06-27 22:00:00+00:00,2026-06-27 23:00:00+00:00,0.9766666666666667,0,1.3576429413493725,0.0,0.20403699060938954,549.6712526935224,0.3981205479915302,0.0
2026-06-28 00:00:00+00:00,2026-06-28 05:00:00+00:00,4.987777777777778,0,5.217866039887852,-0.014473623268192962,0.4729436487646211,2033.0561706541127,2.983651613118379,0.0
2026-06-28 09:00:00+00:00,2026-06-28 16:00:00+00:00,6.970277777777778,2,9.48011536429521,-0.032429938602041186,1.1466694959091173,2850.726606713146,4.488067230337905,0.0
2026-06-28 17:00:00+00:00,2026-06-28 19:00:00+00:00,1.96,0,2.8654676511867088,-0.0022772299050490934,0.5404721597107789,858.5756771390861,2.0199681537391925,8.881784197001252e-16
2026-06-29 00:00:00+00:00,2026-06-29 03:00:00+00:00,2.9855555555555555,0,5.303875578080547,-0.022613989213143337,0.3129387132317479,2521.342092923802,0.01820297412410099,0.0
2026-06-29 06:00:00+00:00,2026-06-29 08:00:00+00:00,1.9980555555555555,0,2.975926762855094,-0.0033094506228230217,0.5666445027707656,798.9882002399886,2.0343687949558165,2.220446049250313e-16
2026-06-29 09:00:00+00:00,2026-06-29 17:00:00+00:00,7.988611111111111,3,14.892017255227074,0.007741174163048676,1.171585073893691,3512.3548378633814,7.926289387649508,1.7763568394002505e-15
2026-06-29 21:00:00+00:00,2026-06-29 22:00:00+00:00,0.9458333333333333,0,1.2395692830344704,0.0,0.20915135656457504,569.1310952507113,0.6553725334097429,0.0
2026-06-30 01:00:00+00:00,2026-06-30 08:00:00+00:00,6.993611111111111,2,7.479209231710323,0.00778878319393498,1.1495653655704337,2770.4608490065775,3.213679904215157,8.881784197001252e-16
2026-06-30 09:00:00+00:00,2026-06-30 11:00:00+00:00,1.9991666666666668,0,2.757508882454067,0.0003433273580235289,0.34890561482403387,733.8023612009812,1.9541079030745756,0.0
2026-06-30 14:00:00+00:00,2026-07-01 02:00:00+00:00,11.993333333333334,4,19.461768223703555,0.0684598382888701,1.3919172043361598,5387.887401490931,7.418876349588466,0.0
2026-07-01 07:00:00+00:00,2026-07-01 10:00:00+00:00,2.9780555555555557,2,4.48532005735703,0.005224297714540784,1.0211143193558838,1700.1717723582665,1.980609785926508,0.0
2026-07-01 11:00:00+00:00,2026-07-01 13:00:00+00:00,1.9966666666666666,1,4.132617056009705,0.004676926896548038,0.8088293552843122,2026.3294293529802,1.5876594496611474,0.0
2026-07-01 14:00:00+00:00,2026-07-01 15:00:00+00:00,0.9994444444444445,0,2.5424163493670764,0.0,0.19545607392972045,516.2849917802685,1.6902500767306947,0.0
2026-07-01 16:00:00+00:00,2026-07-01 18:00:00+00:00,1.9819444444444445,1,3.7491358501979066,0.0025759564333857937,0.6304596982877932,587.7617490723558,-0.31546985395292093,0.0
2026-07-01 19:00:00+00:00,2026-07-01 21:00:00+00:00,1.9961111111111112,0,3.493545394926124,0.003287150688221181,0.43585602085407105,941.119105153387,2.659746004406194,4.440892098500626e-16
2026-07-02 02:00:00+00:00,2026-07-02 03:00:00+00:00,0.9930555555555556,0,2.1331213562919746,0.0,0.4140845492015423,914.8063814268028,1.3049924503502521,0.0
2026-07-02 10:00:00+00:00,2026-07-02 12:00:00+00:00,1.9994444444444444,1,3.107525838572215,0.005048413410692479,0.46505216243234826,808.2395794225226,1.4487281524162061,0.0
2026-07-02 14:00:00+00:00,2026-07-02 21:00:00+00:00,6.976111111111111,1,16.44235125123604,0.0332582124532131,0.6753099556464314,2747.196597824597,9.247390452233407,1.7763568394002505e-15
2026-07-02 22:00:00+00:00,2026-07-03 01:00:00+00:00,2.9922222222222223,0,3.894959287110117,0.015265630475838102,0.6840668412305595,1646.415591701884,1.7451804448164348,0.0
2026-07-03 03:00:00+00:00,2026-07-03 05:00:00+00:00,1.998888888888889,0,2.3194000672783543,0.002350735538802194,0.5817566472312699,891.0874814037702,1.0342246532971684,2.220446049250313e-16
2026-07-03 06:00:00+00:00,2026-07-03 09:00:00+00:00,2.9852777777777777,0,2.751126804862426,0.0023344980978875327,0.25243633077375466,737.0789223673053,2.1010409015308507,0.0
2026-07-03 11:00:00+00:00,2026-07-03 12:00:00+00:00,0.9941666666666666,0,2.5704856381317747,0.0,0.5165749544939248,890.2238599739161,1.754735980903162,4.440892098500626e-16
2026-07-03 15:00:00+00:00,2026-07-03 19:00:00+00:00,3.9955555555555557,3,4.31283514053511,0.013353480512234275,1.1339563759927689,857.4192749036401,0.05652713103509083,2.220446049250313e-16
2026-07-03 21:00:00+00:00,2026-07-03 22:00:00+00:00,0.9958333333333333,0,2.4273138422372935,0.0,0.5135145911624863,534.0457551744479,1.5054093968090774,0.0
2026-07-03 23:00:00+00:00,2026-07-04 01:00:00+00:00,1.9613888888888888,0,1.5603968609023406,0.0024080303779718186,0.3395640286934044,658.4568264020559,0.964833245715661,0.0
2026-07-04 02:00:00+00:00,2026-07-04 03:00:00+00:00,0.9902777777777778,0,0.8802985006218793,0.0,0.3526995743102598,758.0173847906732,0.19801453288172827,1.1102230246251565e-16
2026-07-04 06:00:00+00:00,2026-07-04 08:00:00+00:00,1.9944444444444445,0,1.8473446931993367,0.005119101488562258,0.2320290308588395,819.8867475286823,0.9370698107285944,2.220446049250313e-16
2026-07-04 13:00:00+00:00,2026-07-04 14:00:00+00:00,0.9711111111111111,0,0.7035804188462799,0.0,0.4004985926212982,559.635553168928,0.09698135445748277,0.0
2026-07-04 18:00:00+00:00,2026-07-04 22:00:00+00:00,3.9877777777777776,2,4.520218919859788,0.017132602675633886,1.0553557967163014,1049.515412686856,0.8868508694326253,2.220446049250313e-16
2026-07-05 03:00:00+00:00,2026-07-05 04:00:00+00:00,0.935,0,0.795515085343128,0.0,0.32257422507709854,731.3453327838859,0.1259382473160316,0.0
2026-07-05 05:00:00+00:00,2026-07-05 07:00:00+00:00,1.9188888888888889,0,1.6763364603032564,0.007830116744106264,0.5750250014845345,1252.9446490952405,0.41086860911492323,5.551115123125783e-17
2026-07-05 10:00:00+00:00,2026-07-06 08:00:00+00:00,21.961111111111112,9,22.688565453767815,0.08387137752860144,3.0196810270728593,6067.525304011813,4.934177433989319,5.329070518200751e-15
2026-07-06 13:00:00+00:00,2026-07-06 15:00:00+00:00,1.9986111111111111,1,6.803878123730763,0.0,0.5469247479596557,1717.507704376269,3.899260336899965,0.0
2026-07-06 16:00:00+00:00,2026-07-06 21:00:00+00:00,4.9975,1,7.355901523661978,0.021831631729288793,0.5691153730303352,1871.1714806548525,4.150971293604365,0.0
2026-07-07 00:00:00+00:00,2026-07-07 01:00:00+00:00,0.9888888888888889,0,1.3773712599860548,0.0,0.22953137310882404,648.5718477121594,0.39396257225988307,0.0
2026-07-07 04:00:00+00:00,2026-07-07 06:00:00+00:00,1.9652777777777777,0,2.049465948272795,0.011960660996189459,0.3687420125189195,1916.954441289972,-0.6760363913985191,0.0
2026-07-07 08:00:00+00:00,2026-07-07 13:00:00+00:00,4.9925,1,4.093690016798716,0.021354279434865956,0.5026665591617424,2110.8766762201953,-0.3265735524930507,0.0
2026-07-07 14:00:00+00:00,2026-07-07 17:00:00+00:00,2.9966666666666666,2,11.228895861167093,0.011826198629195062,0.8390856388995998,956.5635853103465,3.341894388130277,1.7763568394002505e-15
2026-07-07 19:00:00+00:00,2026-07-07 20:00:00+00:00,0.9994444444444445,0,2.070048092464716,0.0,0.2481977453209936,720.8488231277483,1.2078193748139552,0.0
2026-07-07 22:00:00+00:00,2026-07-07 23:00:00+00:00,0.9980555555555556,0,1.9362309977401189,0.0,0.3051091382802454,761.1525374100311,1.209266849014305,0.0
2026-07-08 02:00:00+00:00,2026-07-08 08:00:00+00:00,5.990555555555556,3,8.550021043900287,0.03327903893263358,1.3410288994022745,3288.507246814569,2.7957183424603773,4.440892098500626e-16
2026-07-08 09:00:00+00:00,2026-07-08 15:00:00+00:00,5.995,3,12.797689165084073,0.023525702171156983,1.5920918900750414,2205.585838137888,4.517877615298713,8.881784197001252e-16
2026-07-08 17:00:00+00:00,2026-07-09 00:00:00+00:00,6.996666666666667,3,8.274430885584259,0.02783117781434845,1.1195025973900368,2461.4492369211257,2.906916645669405,8.881784197001252e-16
2026-07-09 02:00:00+00:00,2026-07-09 04:00:00+00:00,1.9744444444444444,1,3.138766131997177,0.012661170523310046,0.698490973281325,2027.3683751509602,0.6908510972176605,1.1102230246251565e-16
2026-07-09 05:00:00+00:00,2026-07-09 10:00:00+00:00,4.961388888888889,2,6.217630466360581,0.019618530751904697,0.9011637100559079,2175.011369805784,2.199390266707387,0.0
2026-07-09 11:00:00+00:00,2026-07-09 17:00:00+00:00,5.958888888888889,3,7.886721847662805,0.03294276259161499,1.844550866543883,2706.644028381601,2.5838045823221027,2.220446049250313e-16
2026-07-09 18:00:00+00:00,2026-07-10 01:00:00+00:00,6.998055555555555,2,5.395703637028433,0.04480323244144909,1.3425875944071228,2458.575189854069,1.9191641720334096,2.220446049250313e-16
2026-07-10 02:00:00+00:00,2026-07-10 06:00:00+00:00,3.984722222222222,1,5.142543635601451,0.0118694747410511,0.5708393046350426,1240.9336055646304,2.1616761931851847,0.0
2026-07-10 11:00:00+00:00,2026-07-10 12:00:00+00:00,0.9811111111111112,0,1.3939453578071537,0.0,0.22879149605774987,645.4564513706143,0.6564307170640932,0.0
2026-07-10 16:00:00+00:00,2026-07-10 17:00:00+00:00,0.9988888888888889,0,1.6814497107657618,0.0,0.22873381172069987,646.1073025840506,0.06906378585317027,0.0
2026-07-10 20:00:00+00:00,2026-07-11 14:00:00+00:00,17.984444444444446,4,9.843733753239821,0.07513530135520728,1.2619338274352856,4973.361894440671,1.968409282268322,4.440892098500626e-15
2026-07-11 15:00:00+00:00,2026-07-11 16:00:00+00:00,0.9875,0,1.2136040357769504,0.0,0.2832179310103402,856.8024985677496,0.23132452872519854,0.0
2026-07-11 17:00:00+00:00,2026-07-11 22:00:00+00:00,4.979166666666667,1,2.8178564702524125,0.020264590972813974,0.8483380776574615,2048.426316794153,0.5106252902108666,4.440892098500626e-16
2026-07-12 00:00:00+00:00,2026-07-12 01:00:00+00:00,0.9913888888888889,0,2.7595414982640607,0.0,0.36199805319504025,690.2642319215777,2.142147795576523,0.0
2026-07-12 02:00:00+00:00,2026-07-12 04:00:00+00:00,1.9972222222222222,0,1.4988535132111915,0.005552153535202205,0.2026419909645963,889.8058320657747,0.056758237900236486,0.0
2026-07-12 09:00:00+00:00,2026-07-12 14:00:00+00:00,4.975833333333333,3,3.3425244476438563,0.01741474742276343,1.5170503439365244,2080.3027664630113,-0.7525167361341886,2.220446049250313e-16
2026-07-12 15:00:00+00:00,2026-07-12 21:00:00+00:00,5.9925,1,4.700854592295058,0.018036079219999848,0.730576505716569,1546.285673960259,2.2288026612251333,0.0
2026-07-12 22:00:00+00:00,2026-07-13 00:00:00+00:00,1.9816666666666667,1,1.8606134216262733,0.005251580130935118,0.7228614810400007,841.4646642015223,-0.6516320730712754,2.220446049250313e-16
2026-07-13 02:00:00+00:00,2026-07-13 03:00:00+00:00,0.9933333333333333,0,2.363377497715145,0.0,0.3337142848966539,621.6501738982829,1.8028667904191986,0.0
2026-07-13 04:00:00+00:00,2026-07-13 09:00:00+00:00,4.976388888888889,1,6.462915118620726,0.028351840336189392,0.6683969878147862,2272.060657508095,1.1841416136776153,0.0
2026-07-13 11:00:00+00:00,2026-07-13 12:00:00+00:00,0.9897222222222222,0,0.6095993647537844,0.0,0.31083938433197955,695.042942733946,-0.024313769132020074,0.0
2026-07-13 13:00:00+00:00,2026-07-13 16:00:00+00:00,2.9922222222222223,1,7.2634535912780365,0.012048110805481644,1.0726696480824858,1101.6748346259474,2.7243951029704085,8.881784197001252e-16
2026-07-14 01:00:00+00:00,2026-07-14 10:00:00+00:00,8.964166666666667,0,7.4976817127987605,0.0560454513247669,0.4537436797190467,3266.336710253175,3.692076277853296,8.881784197001252e-16
2026-07-14 11:00:00+00:00,2026-07-14 12:00:00+00:00,0.9519444444444445,0,1.3236431503371864,0.0,0.5154487934899242,611.9436911600441,0.4625071861781501,0.0
2026-07-14 13:00:00+00:00,2026-07-14 23:00:00+00:00,9.996666666666666,3,15.913194427245296,0.039962476594624416,1.0958874925267914,3873.083555407075,7.959744620310321,0.0
2026-07-15 04:00:00+00:00,2026-07-15 06:00:00+00:00,1.9961111111111112,0,2.2393805503864828,0.005263610027444148,0.2251349796528618,843.7517665863253,0.6209947825442463,0.0
2026-07-15 13:00:00+00:00,2026-07-15 16:00:00+00:00,2.992777777777778,1,11.811518109605368,0.010151856187794076,0.8241730040942342,866.9247336767089,8.949618687628599,0.0
2026-07-15 18:00:00+00:00,2026-07-16 05:00:00+00:00,10.995555555555555,5,19.201779693958212,0.08795033939190752,1.9649866611129407,3710.584673900982,11.588421466694827,7.105427357601002e-15
2026-07-16 09:00:00+00:00,2026-07-16 12:00:00+00:00,2.9705555555555554,0,3.797166270920434,0.008799645864554428,0.5506516252920255,1157.6172784291757,2.1158382692042936,0.0
2026-07-16 14:00:00+00:00,2026-07-16 17:00:00+00:00,2.9969444444444444,0,4.651720030731919,0.008742533689952758,0.6029301439918606,822.9962914551463,3.590978449356903,4.440892098500626e-16
2026-07-16 19:00:00+00:00,2026-07-16 21:00:00+00:00,1.9994444444444444,0,3.1219488080768376,0.006558493093437596,0.709286971488501,1048.8142803779638,1.723158931670512,0.0
2026-07-17 00:00:00+00:00,2026-07-17 01:00:00+00:00,0.9963888888888889,0,1.9567195055243087,0.0,0.2974897918523968,533.8963129150213,1.4678929885414962,2.220446049250313e-16
2026-07-17 02:00:00+00:00,2026-07-17 05:00:00+00:00,2.979722222222222,0,4.910882237184475,0.008824345695404353,0.4186592799984945,1408.3101143478245,2.325289042541716,8.881784197001252e-16
2026-07-17 07:00:00+00:00,2026-07-17 12:00:00+00:00,4.969722222222222,1,3.8404222379975117,0.023786763720233806,0.6049410281697571,2527.3135332369366,1.042010278972079,8.881784197001252e-16
2026-07-17 14:00:00+00:00,2026-07-17 17:00:00+00:00,2.9744444444444444,1,6.041987365372945,0.013018222816127554,0.5292847834734739,1293.1853241468193,2.1619699949423916,0.0
2026-07-17 18:00:00+00:00,2026-07-18 17:00:00+00:00,22.96,5,10.856688362808931,0.12742809592176657,1.7584298280318729,4840.288250569851,3.856298257524347,1.7763568394002505e-15
2026-07-18 19:00:00+00:00,2026-07-19 01:00:00+00:00,5.972777777777778,1,3.4097168343412743,0.013143013010476505,0.6898170231356342,2217.557504069566,1.0422567000592287,0.0
2026-07-19 04:00:00+00:00,2026-07-19 09:00:00+00:00,4.996944444444445,0,1.7438777874949525,0.0061382006695890595,0.29825365016564187,914.9104922192778,0.9819419447776967,2.220446049250313e-16
2026-07-19 11:00:00+00:00,2026-07-19 18:00:00+00:00,6.961666666666667,1,6.236218219770243,0.03261527613457654,0.7299990644352836,2295.2197750517516,3.0700589812924477,1.3322676295501878e-15
2026-07-19 23:00:00+00:00,2026-07-20 04:00:00+00:00,4.998055555555555,1,7.449361967833157,0.017969317458742525,0.8395027344281893,1699.9679608553881,3.178641823618039,8.881784197001252e-16
2026-07-20 08:00:00+00:00,2026-07-20 10:00:00+00:00,1.9958333333333333,0,2.4431836000939224,0.010946781083509572,0.3410752962890261,1754.46928786221,0.06065529206802722,0.0
2026-07-20 14:00:00+00:00,2026-07-20 15:00:00+00:00,0.9927777777777778,0,2.7948783184404506,0.0,0.2509284383146713,731.8500259158814,1.5225985415019034,0.0
2026-07-20 16:00:00+00:00,2026-07-20 18:00:00+00:00,1.9961111111111112,0,4.411877068089069,0.01229305583189425,0.31651840959754773,1972.3305815454764,0.3918805035688876,0.0
2026-07-20 19:00:00+00:00,2026-07-20 20:00:00+00:00,0.9961111111111111,0,1.652970294764187,0.0,0.4718001651906889,669.9492437493496,0.9258912627372402,0.0
2026-07-21 04:00:00+00:00,2026-07-21 10:00:00+00:00,5.987777777777778,2,5.130213230999606,0.026499904471604965,0.8294702377939255,2322.308301586829,1.3484986956313825,0.0
2026-07-21 11:00:00+00:00,2026-07-21 16:00:00+00:00,4.961388888888889,2,3.9969794700721164,0.02503136827444946,1.1685296950765722,2156.9617469646428,0.7409525677076739,2.220446049250313e-16
2026-07-21 18:00:00+00:00,2026-07-21 22:00:00+00:00,3.9897222222222224,1,2.3156648884043998,0.010644314252752033,0.611825028567748,1224.8104122061918,0.9919860255024087,0.0
2026-07-22 02:00:00+00:00,2026-07-22 04:00:00+00:00,1.991111111111111,0,2.879745125010718,0.010704121272403855,0.82815437286047,1712.6380835479417,1.1081536899377247,2.220446049250313e-16
2026-07-22 06:00:00+00:00,2026-07-22 10:00:00+00:00,3.9877777777777776,2,2.5226904194538404,0.017230007007585157,0.8055536888175963,1347.1564033645427,-0.7963243783532624,2.220446049250313e-16
2026-07-22 20:00:00+00:00,2026-07-22 21:00:00+00:00,0.98,0,1.3452714661576128,0.0,0.37731280440220466,768.4621243116981,0.6607806840128817,0.0
2026-07-22 22:00:00+00:00,2026-07-23 03:00:00+00:00,4.979444444444445,1,3.540711752685486,0.024389513849908215,1.234939731817283,2326.3212891480225,0.40110389765696,0.0
2026-07-23 04:00:00+00:00,2026-07-23 07:00:00+00:00,2.9769444444444444,0,1.0885857350563124,0.005863132120773628,0.25990487188689954,871.5799071528351,0.16799278036848486,2.220446049250313e-16
2026-07-23 13:00:00+00:00,2026-07-23 16:00:00+00:00,2.9980555555555557,1,6.3162928243724705,0.013353623772410414,1.1286715292115221,1909.322036607954,3.448011760000804,8.881784197001252e-16
2026-07-23 18:00:00+00:00,2026-07-23 19:00:00+00:00,0.9955555555555555,0,1.559736599677517,0.0,0.31080573608002593,870.2320411502342,0.6594779728083946,2.220446049250313e-16
2026-07-23 21:00:00+00:00,2026-07-23 23:00:00+00:00,1.9725,0,1.4118436000018542,0.00630897871476895,0.6539567855039593,1677.2361959138616,-0.26414719419243055,5.551115123125783e-17
2026-07-24 09:00:00+00:00,2026-07-24 12:00:00+00:00,2.9955555555555557,1,2.054559593481227,0.011303935626528261,0.8265020516617696,1279.8562979146113,0.08167918696309812,2.220446049250313e-16
2026-07-24 14:00:00+00:00,2026-07-25 13:00:00+00:00,22.996666666666666,5,13.878981295627234,0.07234200809427482,1.6561615271802324,6079.261859657874,4.213298287590553,7.105427357601002e-15
2026-07-25 14:00:00+00:00,2026-07-25 22:00:00+00:00,7.974444444444444,1,3.242093550392809,0.019567578474537998,0.7767347973336928,2283.9727516498297,-0.13341812501180905,0.0
2026-07-26 01:00:00+00:00,2026-07-26 14:00:00+00:00,12.991944444444444,3,4.1347896164686375,0.0516186672787367,1.1767881457110025,2993.7464352071943,0.27526058268090114,6.661338147750939e-16
2026-07-26 16:00:00+00:00,2026-07-26 17:00:00+00:00,0.9694444444444444,0,0.8859631040895368,0.0,0.2870944931540639,675.6564292277922,0.25851512902529095,0.0
2026-07-26 23:00:00+00:00,2026-07-27 00:00:00+00:00,0.9952777777777778,0,1.037661671618108,0.0,0.22905158330697573,646.7320291204094,0.03321766158340689,0.0
2026-07-27 01:00:00+00:00,2026-07-27 02:00:00+00:00,0.9902777777777778,0,1.6017179776506525,0.0,0.2618158824278619,774.1752979721273,0.23280207957354293,2.220446049250313e-16
2026-07-27 06:00:00+00:00,2026-07-27 11:00:00+00:00,4.993611111111111,0,6.584145566275178,0.025483195997298105,0.47579760284275097,2229.561179781823,4.376715286223037,8.881784197001252e-16
2026-07-27 12:00:00+00:00,2026-07-27 14:00:00+00:00,1.9977777777777779,0,2.667350748244527,0.008274388042653848,0.3206139332735385,1325.4823090931536,1.2358513211171558,0.0
2026-07-27 15:00:00+00:00,2026-07-27 18:00:00+00:00,2.983888888888889,2,2.9329453154385674,0.008347204230111047,0.8391984561575545,770.3827980135436,-3.598744119131832,4.440892098500626e-16
2026-07-27 23:00:00+00:00,2026-07-28 00:00:00+00:00,0.9791666666666666,0,3.1151651101971978,0.0,0.5218144896002551,599.2185164693446,2.22431842444911,4.440892098500626e-16
2026-07-28 01:00:00+00:00,2026-07-28 09:00:00+00:00,7.991388888888889,2,7.613577874949943,0.01755112577325844,1.2926279463717458,3163.9571595191974,2.140835997483487,0.0
2026-07-28 10:00:00+00:00,2026-07-28 12:00:00+00:00,1.9897222222222222,1,2.8628306487494113,0.0005425006465923726,0.7024399941257422,609.368526063329,1.3667005658151696,4.440892098500626e-16
2026-07-28 16:00:00+00:00,2026-07-28 17:00:00+00:00,0.9758333333333333,0,1.6687648504982806,0.0,0.20388483815143427,549.3351848848162,0.4551350520655941,0.0
2026-07-29 00:00:00+00:00,2026-07-29 01:00:00+00:00,0.9986111111111111,0,1.8112358857318525,0.0,0.6156080048156896,544.7757562210847,0.4622519307714776,0.0
2026-07-29 02:00:00+00:00,2026-07-29 03:00:00+00:00,0.9872222222222222,0,1.31307206170407,0.0,0.253385855633703,741.3178650796102,0.10438037869138736,0.0
2026-07-29 07:00:00+00:00,2026-07-29 08:00:00+00:00,0.9991666666666666,0,0.9891395606147289,0.0,0.2011466302220864,538.3663304844682,0.12497180557248472,0.0
2026-07-29 13:00:00+00:00,2026-07-29 14:00:00+00:00,0.9888888888888889,0,3.463961909809248,0.0,0.3079752208717782,953.0334046812285,2.28275301972326,0.0
2026-07-29 15:00:00+00:00,2026-07-29 17:00:00+00:00,1.9558333333333333,0,4.700216314833452,-0.0002363938035655177,0.5814701841431438,1899.5908587291947,2.6844095391310376,4.440892098500626e-16
2026-07-29 18:00:00+00:00,2026-07-29 19:00:00+00:00,0.9994444444444445,0,2.7139814991988094,0.0,0.30859894032605023,955.389469071786,1.5961568713769467,0.0
2026-07-29 20:00:00+00:00,2026-07-29 21:00:00+00:00,0.9955555555555555,0,4.038090222521873,0.0,0.747147781779754,703.91545546154,2.285444293403896,0.0
2026-07-29 23:00:00+00:00,2026-07-30 00:00:00+00:00,0.97,0,1.4037787575291014,0.0,0.3204830769937943,1001.7705479205551,0.004255557979599756,0.0
2026-07-30 02:00:00+00:00,2026-07-30 04:00:00+00:00,1.9777777777777779,1,2.5703289772235296,0.003885070105196492,0.8378952876050728,750.1912277427598,0.2162702515859583,0.0
2026-07-30 05:00:00+00:00,2026-07-30 06:00:00+00:00,0.9611111111111111,0,0.7794336869134099,0.0,0.2214463291606292,617.0144878986358,-0.003868113717754834,0.0
2026-07-30 12:00:00+00:00,2026-07-30 14:00:00+00:00,1.9722222222222223,1,3.2290272290227593,0.002207991129904576,0.49581994842987487,911.1780924382583,1.5596302301777816,0.0
2026-07-30 15:00:00+00:00,2026-07-30 18:00:00+00:00,2.95,0,2.768839618177919,-0.0011736827015106682,0.2112502068421781,577.264687865222,2.189902879348567,0.0
2026-07-30 20:00:00+00:00,2026-07-31 01:00:00+00:00,4.998888888888889,3,4.76588129902095,0.01257072341523269,1.5967637726308843,2038.1366093285233,-0.32161630644341377,6.661338147750939e-16
2026-07-31 05:00:00+00:00,2026-07-31 07:00:00+00:00,1.988611111111111,0,1.2748587932156115,0.0003371370530814368,0.5273839492240862,606.0569783459448,0.32089968689077686,0.0
2026-07-31 08:00:00+00:00,2026-07-31 09:00:00+00:00,0.9702777777777778,0,1.1721163193028603,0.0,0.6393810498090464,1003.5048093098474,0.16945548495620794,5.551115123125783e-17
2026-07-31 10:00:00+00:00,2026-07-31 13:00:00+00:00,2.9519444444444445,1,1.760833201681694,-0.006746547590906244,1.0639806740164799,1868.1044964563682,-1.0480682428859986,2.220446049250313e-16
2026-07-31 14:00:00+00:00,2026-07-31 17:00:00+00:00,2.9975,2,8.488820918626239,-0.0016805794244717275,1.0155425915753846,919.1655605929485,5.438824440111867,1.7763568394002505e-15
2026-07-31 21:00:00+00:00,2026-08-01 13:00:00+00:00,15.959166666666667,2,3.8980020136997684,0.053332555073750225,0.9726355088945392,3982.2378217261466,-0.07866089097252926,4.440892098500626e-16
2026-08-01 19:00:00+00:00,2026-08-01 21:00:00+00:00,1.988611111111111,0,2.2711268541482266,0.0007402417121996458,0.2851488610488288,621.9547388320203,1.736334176639879,4.440892098500626e-16
2026-08-01 22:00:00+00:00,2026-08-02 01:00:00+00:00,2.999722222222222,0,1.4421419612482658,-0.0018999635949044301,0.3624976752024691,1405.379108104301,0.11512112656643408,2.220446049250313e-16
2026-08-02 09:00:00+00:00,2026-08-02 10:00:00+00:00,0.9841666666666666,0,0.6403329568556358,0.0,0.19744059754697804,523.7791309168042,-0.009472715351298067,0.0
2026-08-02 13:00:00+00:00,2026-08-02 16:00:00+00:00,2.985,0,1.6380154829888065,0.012279689450107894,0.21030882522090777,1024.1456470527346,0.5087597033706018,0.0
2026-08-02 20:00:00+00:00,2026-08-02 21:00:00+00:00,0.9913888888888889,0,0.6495492772326059,0.0,0.3011761456233395,701.8432511994656,0.00028228706550570415,0.0
2026-08-02 23:00:00+00:00,2026-08-03 00:00:00+00:00,0.9811111111111112,0,1.028482212139118,0.0,0.33487077471145865,836.5709790581175,0.22557019143351198,2.220446049250313e-16
2026-08-03 01:00:00+00:00,2026-08-03 06:00:00+00:00,4.981944444444444,2,4.330315917352347,0.018925315372440157,1.0274282354064126,2530.9118257068412,-0.3169698572478483,4.440892098500626e-16
2026-08-03 14:00:00+00:00,2026-08-03 15:00:00+00:00,0.9955555555555555,0,2.5875001773175823,0.0,0.20532072334747442,556.0472624797167,0.23018084119093526,0.0
2026-08-03 16:00:00+00:00,2026-08-04 00:00:00+00:00,7.951388888888889,3,3.749123678889725,0.012075993851554338,1.5159284232985957,3015.8632355424756,-0.7896621972020642,0.0
2026-08-04 02:00:00+00:00,2026-08-04 05:00:00+00:00,2.999722222222222,0,3.2329067922246977,0.01102804328214858,0.33668459585003574,1371.6831288131218,1.833599136514401,0.0
2026-08-04 15:00:00+00:00,2026-08-04 18:00:00+00:00,2.9741666666666666,0,4.487939761233192,0.013961640053928063,0.6737302580047988,1878.0708982768315,2.4122265342235214,0.0
2026-08-04 19:00:00+00:00,2026-08-04 23:00:00+00:00,3.9575,0,2.615496944632679,0.010772530902986759,0.375814601319322,1470.9617740706035,1.157033515075629,4.440892098500626e-16
2026-08-05 02:00:00+00:00,2026-08-05 03:00:00+00:00,0.9802777777777778,0,0.7022327703215726,0.0,0.22744560983439652,533.8227593871559,0.20543061676024513,0.0
2026-08-05 07:00:00+00:00,2026-08-05 12:00:00+00:00,4.941666666666666,2,2.758845556443597,0.010738320303164902,1.0134293902091553,1589.8019897476374,-0.1643527731628438,8.326672684688674e-17
2026-08-05 13:00:00+00:00,2026-08-05 16:00:00+00:00,2.9633333333333334,0,5.793140910148152,0.006998260508181026,0.6394676521423504,841.692561849375,4.420100328996024,0.0
2026-08-05 18:00:00+00:00,2026-08-05 21:00:00+00:00,2.9875,0,3.6904452945037893,0.006201706597384903,0.4069603949534039,825.023488720461,2.967730018348088,4.440892098500626e-16
2026-08-05 22:00:00+00:00,2026-08-06 01:00:00+00:00,2.9908333333333332,0,2.250276710697314,0.012234294644158105,0.2639953500626109,1164.527796735349,1.1899367800728042,0.0
2026-08-06 14:00:00+00:00,2026-08-06 18:00:00+00:00,3.959722222222222,1,6.746555874332785,0.017165571445571143,0.6083525011401426,1567.1220605972114,3.763625835875642,8.881784197001252e-16
2026-08-06 21:00:00+00:00,2026-08-07 03:00:00+00:00,5.960277777777778,0,3.3625389704216118,0.03247768429642186,0.6574428906978815,1757.1482953749041,1.8917376993919752,2.220446049250313e-16
2026-08-07 09:00:00+00:00,2026-08-07 12:00:00+00:00,2.9616666666666664,1,1.4137091804644055,-0.013585026737691519,0.6520933916961321,1049.6431176120695,-0.16308592911280112,0.0
2026-08-07 13:00:00+00:00,2026-08-07 16:00:00+00:00,2.979722222222222,2,6.084614552404848,6.835256442238062e-05,0.9604687794002649,2330.868617844907,-1.1244443598232197,0.0
2026-08-07 17:00:00+00:00,2026-08-07 18:00:00+00:00,0.9947222222222222,0,1.938730635820713,0.0,0.3585390513451374,858.4439459353393,1.1328133671163563,0.0
2026-08-07 20:00:00+00:00,2026-08-09 06:00:00+00:00,33.875277777777775,2,6.587490948953526,0.16823386058948125,1.1707410899272233,7618.493211111451,-1.0217728796261492,2.220446049250313e-15
2026-08-10 00:00:00+00:00,2026-08-10 01:00:00+00:00,0.9888888888888889,0,1.093378536536951,0.0,0.33824403725429897,928.4420312803034,0.13843923597058977,0.0
2026-08-10 02:00:00+00:00,2026-08-10 05:00:00+00:00,2.9630555555555556,1,1.8841740080316527,0.012390355594960914,1.0090966231059784,1443.1642002017543,-0.5714051858826452,4.440892098500626e-16
2026-08-10 07:00:00+00:00,2026-08-10 09:00:00+00:00,1.9933333333333334,0,1.1960153075767408,0.00834772156319853,0.5263590050161775,1336.3509449857593,-0.009738059710516223,5.551115123125783e-17
2026-08-10 10:00:00+00:00,2026-08-10 12:00:00+00:00,1.9877777777777779,0,0.5941181601407431,0.0020737439195243506,0.21427935825127034,589.0371721214854,-0.005973140874107108,0.0
2026-08-10 16:00:00+00:00,2026-08-10 19:00:00+00:00,2.951388888888889,1,2.8798959453461026,0.00599285315749544,0.7582760136378925,2026.9162346597905,0.33087068103538886,1.1102230246251565e-16
2026-08-10 22:00:00+00:00,2026-08-11 09:00:00+00:00,10.95888888888889,3,3.9870892402813056,0.014491595354719954,1.1791929323164652,4058.608687655432,-0.8939488522790882,2.220446049250313e-16
2026-08-11 10:00:00+00:00,2026-08-11 11:00:00+00:00,0.9733333333333334,0,0.5754244518607887,0.0,0.276505014172251,656.1427301218007,-0.035848602069216556,0.0
2026-08-11 13:00:00+00:00,2026-08-11 14:00:00+00:00,0.9925,0,1.7727464304828269,0.0,0.2918774917785024,677.2301311626195,1.1471464248257879,0.0
2026-08-11 16:00:00+00:00,2026-08-11 19:00:00+00:00,2.9975,0,3.536556313742456,0.003953307515885064,0.36662730026009877,811.6840366929808,2.8022468665612985,0.0
2026-08-11 20:00:00+00:00,2026-08-12 06:00:00+00:00,9.95138888888889,2,4.373414258768632,0.029480445901003426,0.7915357274921949,2207.1938455490517,1.6639354414128746,8.881784197001252e-16
2026-08-12 12:00:00+00:00,2026-08-12 13:00:00+00:00,0.9986111111111111,0,3.1209976157140824,0.0,0.6731815270353833,641.8205943441467,1.6508707188415077,0.0
2026-08-12 16:00:00+00:00,2026-08-12 19:00:00+00:00,2.9930555555555554,1,1.981390082683026,0.01367146284255994,0.9965327561329849,1428.7105389773528,-0.05412624290559587,0.0
2026-08-12 22:00:00+00:00,2026-08-13 03:00:00+00:00,4.919444444444444,0,3.9230277184131226,0.01669720151960141,0.3220219513853582,1743.0240933381108,2.112615029385637,8.881784197001252e-16
2026-08-13 06:00:00+00:00,2026-08-13 07:00:00+00:00,0.9927777777777778,0,0.5987146272320649,0.0,0.2733703706323376,586.280503987964,0.0665530338855734,0.0
2026-08-13 09:00:00+00:00,2026-08-13 10:00:00+00:00,0.9283333333333333,0,0.6671633155822225,0.0,0.26623727134668984,511.05817446501214,0.20282854823992952,5.551115123125783e-17
2026-08-13 13:00:00+00:00,2026-08-13 15:00:00+00:00,1.9758333333333333,0,1.3224315085261404,0.001212520596846462,0.22931721900784677,647.4635403658933,0.618047065873829,0.0
2026-08-13 16:00:00+00:00,2026-08-13 18:00:00+00:00,1.9419444444444445,1,2.316480111086866,0.003355159982261979,0.6152308931996979,938.0753992153767,-0.20799613622230628,5.551115123125783e-17
2026-08-13 19:00:00+00:00,2026-08-14 06:00:00+00:00,10.961666666666666,2,4.44453477723638,0.04913999345054965,1.0609768347025892,3216.8940181643884,0.48962713219107346,3.3306690738754696e-16
2026-08-14 07:00:00+00:00,2026-08-14 15:00:00+00:00,7.991666666666666,4,5.779762297707838,0.03739414391798615,1.9672795814420392,3735.073702191689,-0.17487983437639598,6.661338147750939e-16
2026-08-14 18:00:00+00:00,2026-08-16 16:00:00+00:00,45.95388888888889,7,6.998344018001252,0.1807673087769035,2.5325208819718528,8338.38508402661,-2.821152826901617,4.440892098500626e-16
2026-08-16 17:00:00+00:00,2026-08-16 20:00:00+00:00,2.9883333333333333,0,0.9858830209573977,0.018907079521386913,0.615800878953169,1549.0912051022847,-0.5326605756023753,2.220446049250313e-16
2026-08-16 22:00:00+00:00,2026-08-17 01:00:00+00:00,2.9991666666666665,0,2.414488736356377,0.006714187650828563,0.1961464866111613,701.8723328366204,1.706223907640063,4.440892098500626e-16
2026-08-17 03:00:00+00:00,2026-08-17 05:00:00+00:00,1.9852777777777777,0,0.9536155141271232,0.007334830963622197,0.5459613026872173,1281.188652708042,-0.13549481403746122,1.1102230246251565e-16
2026-08-17 14:00:00+00:00,2026-08-17 16:00:00+00:00,1.978888888888889,1,2.2830894010172385,0.003508005596202326,0.5151791536756403,966.853741237235,0.28270045846963904,0.0
2026-08-17 17:00:00+00:00,2026-08-17 22:00:00+00:00,4.956111111111111,1,2.219948692906407,0.024070509690863058,1.0038163517996557,2491.198266942476,-0.15968911610512238,2.220446049250313e-16
2026-08-18 03:00:00+00:00,2026-08-18 11:00:00+00:00,7.988333333333333,3,3.6707793093205394,0.018990026272299936,1.1794707307255334,2845.1590323590513,-0.8633327048062498,2.220446049250313e-16
2026-08-18 15:00:00+00:00,2026-08-18 17:00:00+00:00,1.986388888888889,1,1.6399186226867806,0.0011129735969524458,0.6428180224198827,1002.5969999346877,-0.08170109087676686,2.220446049250313e-16
2026-08-18 19:00:00+00:00,2026-08-19 02:00:00+00:00,6.983055555555556,0,3.467960779327747,0.022689614965846518,0.6243904957227169,2888.0066508216614,0.31529271729279373,4.440892098500626e-16
2026-08-19 04:00:00+00:00,2026-08-19 08:00:00+00:00,3.9163888888888887,1,2.2038887240659464,0.007337050681547262,0.6374624853367646,1929.0430953448904,-0.5376877252119786,0.0
2026-08-19 16:00:00+00:00,2026-08-19 20:00:00+00:00,3.9983333333333335,1,7.369009653650769,0.009718863160989879,0.5025924389566159,1545.4033022950484,4.603560246524928,1.7763568394002505e-15
2026-08-19 23:00:00+00:00,2026-08-20 02:00:00+00:00,2.99,1,6.946703080876903,0.0065566075068742395,0.5780882551583828,1691.9669426918285,4.613799865658013,0.0
2026-08-20 03:00:00+00:00,2026-08-20 06:00:00+00:00,2.993888888888889,0,4.008204431806513,0.01509362743281985,0.7639234394932725,1278.6255857890512,2.6265573996120626,2.220446049250313e-16
2026-08-20 09:00:00+00:00,2026-08-20 11:00:00+00:00,1.9969444444444444,0,4.940316888916729,0.010501919332857348,0.32981567890748853,1683.712110676525,2.487367259163919,8.881784197001252e-16
2026-08-20 14:00:00+00:00,2026-08-20 15:00:00+00:00,0.9980555555555556,0,3.1849962754749224,0.0,0.2667453322148182,792.943588871316,2.167836371311598,0.0
2026-08-20 16:00:00+00:00,2026-08-20 18:00:00+00:00,1.996388888888889,1,8.66613744402218,0.0040439705195269345,0.627906345974161,745.9591950190993,5.009426133895805,1.7763568394002505e-15
2026-08-20 19:00:00+00:00,2026-08-20 23:00:00+00:00,3.9716666666666667,1,4.393074916860208,0.023021300421328685,0.9965629453423599,2595.0444009764606,1.224464728481303,0.0
2026-08-21 03:00:00+00:00,2026-08-21 04:00:00+00:00,0.9991666666666666,0,1.9524307310799558,0.0,0.5953206319605422,619.5807080752548,0.8110106726400376,0.0
2026-08-21 05:00:00+00:00,2026-08-21 08:00:00+00:00,2.9969444444444444,1,6.388181668298949,0.006099831749990482,0.5794807468971022,897.67033926683,3.4343083427048207,8.881784197001252e-16
2026-08-21 10:00:00+00:00,2026-08-21 11:00:00+00:00,0.9955555555555555,0,3.866990910085529,0.0,0.786566255738382,783.486213043477,1.4489651893529114,0.0
2026-08-21 13:00:00+00:00,2026-08-21 17:00:00+00:00,3.9991666666666665,1,11.388249713597862,0.01821983053731962,0.602506498850061,1032.7579747066764,7.595987566706992,1.7763568394002505e-15
2026-08-21 18:00:00+00:00,2026-08-21 20:00:00+00:00,1.9813888888888889,0,3.3250000779028257,0.007287197968503819,0.7183086569201034,1164.495156694152,1.0605031277145067,3.3306690738754696e-16
2026-08-21 22:00:00+00:00,2026-08-22 05:00:00+00:00,6.9991666666666665,3,18.87146909947262,0.10705471276147016,1.1326048095211536,2709.406798975634,11.370431081637804,1.7763568394002505e-15
2026-08-22 06:00:00+00:00,2026-08-22 10:00:00+00:00,3.9925,2,9.491360231167485,0.015297341002579911,1.3758056555824074,1235.3040210781614,5.460793233025502,0.0
2026-08-22 11:00:00+00:00,2026-08-22 14:00:00+00:00,2.988611111111111,2,4.104631183418325,0.009512701541133792,0.9551514332856554,1156.3349284622052,0.8673429356026994,4.440892098500626e-16
2026-08-22 15:00:00+00:00,2026-08-22 19:00:00+00:00,3.9994444444444444,2,5.306622272071378,0.010070442336029533,0.950653879322997,1905.674465501414,1.473884747337143,0.0
2026-08-22 22:00:00+00:00,2026-08-22 23:00:00+00:00,0.9933333333333333,0,0.9638835059737889,0.0,0.23399613324534194,665.7932284492042,0.07561113846275985,0.0
2026-08-23 01:00:00+00:00,2026-08-23 04:00:00+00:00,2.9991666666666665,1,3.141926657470796,0.01626397681185217,1.1933435176097817,2048.8273299236234,-0.9143866710956118,8.881784197001252e-16
2026-08-23 05:00:00+00:00,2026-08-23 06:00:00+00:00,0.9997222222222222,0,5.253066029185717,0.0,0.7245906341553678,650.5855012296961,3.517085114569455,0.0
2026-08-23 07:00:00+00:00,2026-08-23 08:00:00+00:00,0.9997222222222222,0,0.8368501621506746,0.0,0.5118557814685597,753.1702446332688,0.04440707002061267,0.0
2026-08-23 09:00:00+00:00,2026-08-23 11:00:00+00:00,1.9697222222222222,0,2.1645136493315773,0.0054119218615303845,0.4016306714203198,1000.2465852901955,1.2740997459671153,4.440892098500626e-16
2026-08-23 15:00:00+00:00,2026-08-23 16:00:00+00:00,0.9952777777777778,0,3.8355808969747476,0.0,0.5569477736202721,890.2167951937895,2.9703162082368353,0.0
2026-08-23 19:00:00+00:00,2026-08-23 21:00:00+00:00,1.9866666666666666,0,1.7151104107700803,0.009126687354109495,0.49366068481263947,1461.825005053167,0.3384838830957451,0.0
2026-08-23 23:00:00+00:00,2026-08-24 01:00:00+00:00,1.9977777777777779,1,3.648503630822799,0.0,0.6276690568784121,1486.538307213964,1.5837261818446253,0.0
2026-08-24 06:00:00+00:00,2026-08-24 11:00:00+00:00,4.9991666666666665,2,5.2127459444780975,0.024753514264779782,0.793980340500637,1300.457216197016,1.6364708185266228,8.881784197001252e-16
2026-08-24 16:00:00+00:00,2026-08-24 21:00:00+00:00,4.999722222222222,3,8.397911786924652,0.029043598869098214,1.338799249301279,2608.258773428786,2.5102764804861524,0.0
2026-08-25 00:00:00+00:00,2026-08-25 02:00:00+00:00,1.9838888888888888,1,5.625170028478042,0.00500318485155211,0.5691238468222835,799.3744256709749,3.422011700080933,0.0
2026-08-25 03:00:00+00:00,2026-08-25 05:00:00+00:00,1.9922222222222221,1,4.478404903417851,0.005271821252644305,1.106139317952744,879.1666879041923,1.006353883927786,0.0
2026-08-25 08:00:00+00:00,2026-08-25 09:00:00+00:00,0.9783333333333334,0,0.8050515110092928,0.0,0.23304506710319609,662.0463862138504,-0.025062605511003838,0.0
2026-08-25 11:00:00+00:00,2026-08-25 13:00:00+00:00,1.9852777777777777,0,2.7688446976902936,0.00851216807773053,0.732109201346165,1361.22299904811,0.9264652030773406,0.0
2026-08-25 15:00:00+00:00,2026-08-25 16:00:00+00:00,0.9858333333333333,0,3.0295920646277623,0.0,0.2572673422162552,756.3858831924803,1.8078062742796583,0.0
2026-08-25 17:00:00+00:00,2026-08-25 20:00:00+00:00,2.9975,0,2.8632501213085484,0.004967555789478537,0.808486490101652,1710.8476780985416,1.0318232430188488,3.3306690738754696e-16
2026-08-25 21:00:00+00:00,2026-08-25 22:00:00+00:00,0.9830555555555556,0,1.6806846298295322,0.0,0.300833150972735,925.3748910916551,0.45386001773430146,0.0
2026-08-26 00:00:00+00:00,2026-08-26 01:00:00+00:00,0.9997222222222222,0,2.5848299151245517,0.0,0.19736225171989577,523.3976837436403,2.01265409193415,0.0
2026-08-26 03:00:00+00:00,2026-08-26 08:00:00+00:00,4.972222222222222,2,5.9674602064566935,0.022428585369273356,1.2517410479819346,2043.6631019170995,1.406274921529373,0.0
2026-08-26 11:00:00+00:00,2026-08-26 14:00:00+00:00,2.9869444444444446,1,5.0558897701982435,0.017783155205277665,0.7360383519298386,1897.8367675521786,2.7247626019567077,2.220446049250313e-16
2026-08-26 15:00:00+00:00,2026-08-26 17:00:00+00:00,1.993611111111111,1,3.7502532902574908,0.003809663184089444,0.8551357542600868,768.3568292597924,0.851100582671731,4.440892098500626e-16
2026-08-26 19:00:00+00:00,2026-08-26 21:00:00+00:00,1.9266666666666667,0,2.0176229110482633,0.008870158714596834,0.602218001664701,1419.9956840179946,0.7866863502239334,0.0
2026-08-26 22:00:00+00:00,2026-08-27 00:00:00+00:00,1.998888888888889,0,2.0916025427446288,0.006413710470992598,0.20090512856663956,1028.8858078862295,-0.48056093336771943,4.440892098500626e-16
2026-08-27 01:00:00+00:00,2026-08-27 08:00:00+00:00,6.99,3,6.5731329943037515,0.03132061090019597,1.3112721943512422,3658.1128098536374,-0.49010931116470724,0.0
2026-08-27 09:00:00+00:00,2026-08-27 10:00:00+00:00,0.9952777777777778,0,1.4129426746075102,0.0,0.31721026743910213,808.1544341264664,0.6300943076062108,0.0
2026-08-27 11:00:00+00:00,2026-08-27 14:00:00+00:00,2.9980555555555557,1,7.677907714085633,0.006074303204273828,0.709226015598762,1219.0913091444058,5.474379712134267,0.0
2026-08-27 15:00:00+00:00,2026-08-27 18:00:00+00:00,2.995833333333333,1,4.539959906169518,0.0,0.989339333738879,1798.719428776455,2.1764127408767977,0.0
2026-08-27 21:00:00+00:00,2026-08-27 22:00:00+00:00,0.9980555555555556,0,1.2003043470662011,0.0,0.489984809608565,513.0575420422911,0.34093920412816625,0.0
