trial,mint_ts,burn_ts_r01,burn_ts_eng,boundary_differs,a0_r01,a0_chain,a0_r01_at_chain_price,a0_diff_pct,a0_resid_pct_after_price_fix,p_entry_err_bp,amplification_bp_per_bp,p_entry_r01,p_exit_r01,p_entry_chain,p_exit_chain,dP_r01,dP_chain,s0_r01,s1_chain_amount,eng_reported,amount_effect,price_effect,total_diff,cause
5,2026-05-14 05:02:06.849000+00:00,2026-05-14 07:02:08.179000+00:00,2026-05-14 07:02:08.179000+00:00,False,0.25146208831746736,0.25145720851558523,0.25150911659781927,-0.0019405716045639565,-0.02063864838627305,0.01040998364176815,-179.59216825352397,2256.172,2268.6226666666666,2256.1696513310835,2268.6922432065357,12.45066666666662,12.522591875452235,3.130870640944636,3.130809884158035,3.147408955503124,-6.075678660089068e-05,0.0180861122231315,0.01653831455848831,price source: Binance@row-ts vs pool@block
5,2026-05-14 08:02:13.480000+00:00,2026-05-14 10:02:06.677000+00:00,2026-05-14 10:02:06.677000+00:00,False,0.22850857475404457,0.2352061627220692,0.23499096344733825,2.931000718565424,0.09157768093459584,1.4868996253025735,-185.53888863786062,2265.9578333333334,2259.432,2265.620958237945,2259.0015648192525,-6.525833333333594,-6.619393418692653,-1.491208874082531,-1.5349162168971646,-1.5561624020342606,-0.04370734281463351,-0.022005908661253404,-0.06495352795172948,amount: ETH leg inverted at an off-chain price
5,2026-05-14 11:02:07.712000+00:00,2026-05-14 13:02:06.498000+00:00,2026-05-14 13:02:06.498000+00:00,False,0.23087013965869693,0.25434850638997397,0.2542549347648044,10.169512075483599,0.03680228478402103,5.200024584390839,-176.98829486404776,2263.937,2261.3590000000004,2262.760359050435,2260.1198681308547,-2.57799999999952,-2.6404909195803157,-0.5951832200399849,-0.6557104494732308,-0.6712923852913946,-0.060527229433245844,-0.015894472058311404,-0.07610916525140965,amount: ETH leg inverted at an off-chain price
5,2026-05-14 14:02:07.282000+00:00,2026-05-14 16:02:07.031000+00:00,2026-05-14 16:02:07.031000+00:00,False,0.23155937374208604,0.25092507817247417,0.2507258637722489,8.363170152618359,0.07945506587474505,4.268106841722741,-179.19657625570906,2254.8486666666663,2297.8436666666666,2253.8866837491287,2297.694196747392,42.995000000000346,43.80751299826352,9.955895274041154,10.788523736025613,10.987224046859069,0.8326284619844593,0.20387988760533915,1.0313287728179148,amount: ETH leg inverted at an off-chain price
5,2026-05-14 17:02:12.744000+00:00,2026-05-14 19:02:07.115000+00:00,2026-05-14 19:02:07.115000+00:00,False,0.2146110734515707,0.21757870117616424,0.21769148724218745,1.3827933838014284,-0.05181004891465779,0.7520910372948997,-188.13978023671018,2314.048,2310.5066666666667,2313.873975612151,2311.506144224808,-3.541333333333114,-2.3678313873429033,-0.7600093481165686,-0.7705187070984751,-0.5149347403657885,-0.010509358981906525,0.2553290292362512,0.24507460775078016,price source: Binance@row-ts vs pool@block
5,2026-05-14 20:02:07.921000+00:00,2026-05-14 22:02:07.915000+00:00,2026-05-14 22:02:07.915000+00:00,False,0.2307283768965367,0.22564282531385366,0.22569151441915036,-2.204129223759721,-0.021573299032540127,-1.1339675794763693,-196.7451216749272,2298.0135,2296.2355000000002,2298.274116833724,2296.51120485912,-1.7779999999997926,-1.7629119746038668,-0.4102350541219266,-0.401192943407985,-0.39758254550099537,0.00904211071394162,0.0034045046787438693,0.012652508620931258,amount: ETH leg inverted at an off-chain price
5,2026-05-14 23:02:09.206000+00:00,2026-05-15 01:02:37.959000+00:00,2026-05-15 01:02:37.959000+00:00,False,0.2569510187329438,0.2520700774518731,0.25194699905596,-1.8995609766947807,0.04885090768067535,-1.1262191934047205,-176.29458572330225,2296.6455,2294.075,2296.9041817574907,2293.3368054532857,-2.5705000000002656,-3.567376304205027,-0.6604925936532027,-0.6479461340901067,-0.8988120080011868,0.012546459563095969,-0.25128268721083125,-0.2383194143479841,price source: Binance@row-ts vs pool@block
5,2026-05-15 02:02:11.860000+00:00,2026-05-15 04:02:04.588000+00:00,2026-05-15 04:02:04.588000+00:00,False,0.22489011270645273,0.2121274141157437,0.2121499036118597,-5.675082126606457,-0.010600757168921504,-3.180785115795004,-188.67606350654654,2274.1836666666663,2271.3013333333333,2274.9072657837482,2272.0911925228397,-2.8823333333330083,-2.8160732609085244,-0.6482082681908423,-0.611421916619543,-0.5970698897428974,0.03678635157129928,0.014055577822527754,0.05113837844794489,amount: ETH leg inverted at an off-chain price
4,2026-05-12 18:02:06.275000+00:00,2026-05-12 19:02:07.483000+00:00,2026-05-12 19:02:07.483000+00:00,False,0.21520062595173844,0.237984946054515,0.23801931422026387,10.587478545664752,-0.014439234001428769,5.0681587419787455,-189.27595141271735,2278.376,2280.8035,2277.2218678083245,2279.766582333637,2.4274999999997817,2.544714525312429,0.5223995194977533,0.5777084565472832,0.6053022514586246,0.05530893704952988,0.027895292483336,0.08290273196087128,amount: ETH leg inverted at an off-chain price
4,2026-05-12 20:02:06.949000+00:00,2026-05-12 21:02:07.435000+00:00,2026-05-12 21:02:07.435000+00:00,False,0.20838367207435216,0.22158929866126578,0.2216444303568075,6.337169537065179,-0.02487393680633554,2.9548129122813904,-202.5379554058515,2285.537,2285.5171666666665,2284.861866065537,2284.749374167938,-0.01983333333328119,-0.11249189759882938,-0.004132942829414787,-0.004394854423436884,-0.02491371681765031,-0.00026191159402209636,-0.02053214627056265,-0.020780773988235524,price source: Binance@row-ts vs pool@block
4,2026-05-12 22:02:14.068000+00:00,2026-05-13 01:02:07.527000+00:00,2026-05-13 01:02:07.527000+00:00,False,0.21496872291086686,0.21380738658378023,0.21388677746039433,-0.5402350218027485,-0.03711817885927449,-0.267828559363803,-188.83378396232663,2288.546,2281.599333333333,2288.6072954394886,2282.025391402064,-6.946666666666715,-6.581904037424465,-1.4933160618209058,-1.4852486454686704,-1.4065607473188493,0.008067416352235401,0.0779889444817139,0.08675531450205654,price source: Binance@row-ts vs pool@block
4,2026-05-13 02:02:07.115000+00:00,2026-05-13 03:02:08.078000+00:00,2026-05-13 03:02:08.078000+00:00,False,0.28465091155180033,0.26107569136179204,0.2610374329149493,-8.28215165779229,0.014656306727944823,-5.273941106751501,-171.3456213430209,2288.436666666667,2294.5986666666668,2289.6442115393743,2293.708039087408,6.161999999999807,4.063827548033714,1.7540189169822042,1.6087484101713123,1.0604886871707322,-0.14527050681089193,-0.5477818234933143,-0.693530229811472,price source: Binance@row-ts vs pool@block
4,2026-05-13 04:02:08.849000+00:00,2026-05-13 05:02:06.556000+00:00,2026-05-13 06:02:07.927000+00:00,True,0.23995423090682114,0.2446098385143183,0.24466411632106697,1.9402065093426124,-0.022184620926357645,1.0576168645060058,-182.01853290343294,2302.161333333333,2305.603,2301.91787861642,2297.785026523388,3.441666666667061,-4.132852093031943,0.8258424780377709,0.8418655275535419,-1.0104523910324588,0.01602304951577105,-1.8528018106336477,-1.8362948690702297,boundary: report 01 closes at a reverted exit (F4)
4,2026-05-13 07:02:05.449000+00:00,2026-05-13 08:02:08.670000+00:00,2026-05-13 08:02:08.670000+00:00,False,0.24698328562885513,0.24302414026845842,0.2430241397611006,-1.6030013327890447,2.087684913831822e-07,-0.890018119047431,-182.98875857344242,2301.7808333333332,2302.6259999999997,2301.9857142328788,2301.748047210123,0.8451666666665005,-0.23766702275588614,0.20874204023721177,0.20539590255018506,-0.057731029050046345,-0.0033461376870267123,-0.26315472642559845,-0.2664730692872581,price source: Binance@row-ts vs pool@block
4,2026-05-13 09:02:09.269000+00:00,2026-05-13 10:02:05.213000+00:00,2026-05-13 11:02:07.352000+00:00,True,0.23286732197920468,0.25394649752068993,0.25405700535293946,9.052010974458513,-0.04349725845820274,4.793860121510285,-174.08795865481275,2316.2935,2319.5075,2315.1836333506108,2308.2624808695105,3.213999999999942,-6.921152481100307,0.7484355728412311,0.8161840430314826,-1.7567979966696612,0.06774847019025154,-2.573786474413539,-2.5052335695108923,boundary: report 01 closes at a reverted exit (F4)
4,2026-05-13 12:02:08.492000+00:00,2026-05-13 13:02:06.682000+00:00,2026-05-13 13:02:06.682000+00:00,False,0.20608969987103679,0.23241478129804805,0.23244859652590963,12.773603650975529,-0.014547400314290915,5.948730266536195,-190.7650182915366,2303.874,2287.502,2302.5043022968093,2287.0925470944762,-16.371999999999844,-15.411755202333097,-3.374100566288689,-3.805094799411606,-3.5801223672348215,-0.43099423312291707,0.22317508464230507,-0.20602180094613232,amount: ETH leg inverted at an off-chain price
4,2026-05-13 14:02:11.798000+00:00,2026-05-13 15:02:07.335000+00:00,2026-05-13 15:02:07.335000+00:00,False,0.18614855802863794,0.18148166072519065,0.1814994034544125,-2.5070821675284294,-0.009775640516818118,-1.1799985773364163,-217.01050005447087,2258.0925,2268.9183333333335,2258.3589860390643,2268.827679865921,10.825833333333321,10.468693826856452,2.015213264458339,1.9646902120674576,1.8987907755348488,-0.050523052390881285,-0.06481427074599733,-0.11642248892349016,price source: Binance@row-ts vs pool@block
