timestamp,position_state,three_head_action,three_head_action_label,three_head_q_gap,requested_width,selected_width,env_action,applied_action,applied_action_label,effective_action,reward,reward_usd,fee_usd,gross_fee_carry_usd,lp_value_change_usd,hedge_pnl_usd,swing_pnl_usd,raw_lp_value_change_usd,raw_hedge_pnl_usd,raw_swing_pnl_usd,raw_boundary_il_usd,realized_boundary_pnl_usd,pending_boundary_pnl_usd,funding_cost_usd,hedged_core_pnl_usd,net_before_tx_usd,net_after_tx_usd,tx_cost_usd,portfolio_value,close_now_portfolio_value,is_cash_after,next_position_state,natr_14,bb_width,volume_sma_ratio,vol_regime,paper_signal_ratio,paper_signal_flag,hedge_accounting_mode,masked_invalid_action,recenter_cooldown_blocked,recenter_cooldown_hours,recenter_emergency_oor_sigma,hours_since_rebalance,oor_distance_to_boundary_sigma,hodl_value,price,lp_lower,lp_upper,lp_width_label
2026-04-11 00:00:00+00:00,cash,3,enter_w10,0.0,10,10,3,3,enter_w10,enter_w10,-2.302636463909713e-05,-0.02302636463909713,0.536629554208398,0.20452624463172425,0.8516543503794765,-1.0792069596502978,-0.22755260927082133,0.8516543503794765,-1.0792069596502978,-0.22755260927082133,-0.3536199947475325,0.0,0.0,0.00210330957667376,-0.2296559188474951,0.3069736353609029,-0.02302636463909713,0.33,999.9769736353609,999.9769736353609,0,lp_in_range,0.007493820507079363,0.04736587032675743,0.29793694615364075,1.0,1.0,0.0,continuous_delta_hedged,0,0,0.0,2.5,0.0,0.0,1000.0,2239.666036499232,2216.3452305160026,2261.116113167816,W10
2026-04-11 01:00:00+00:00,lp_in_range,0,hold,0.0,0,0,0,0,hold,hold,0.00018167588659467638,0.18167588659467637,0.2968469158376206,0.2962934272030303,0.15405840602272747,-0.2686759466310814,-0.11461754060835394,0.15405840602272747,-0.2686759466310814,-0.11461754060835394,-0.7493823758931057,0.0,0.0,0.0005534886345902468,-0.11517102924294419,0.18167588659467637,0.18167588659467637,0.0,1000.1586495219556,1000.1586495219556,0,lp_in_range,0.006971272639930248,0.04627295956015587,0.4331326186656952,1.0,0.9883284568786621,0.0,continuous_delta_hedged,0,0,0.0,2.5,1.0,0.0,1002.65986126468,2245.623237435536,2216.3452305160026,2261.116113167816,W10
2026-04-11 02:00:00+00:00,lp_in_range,0,hold,0.0,0,0,0,0,hold,hold,0.0002922541012773661,0.29225410127736606,0.4183454687731192,0.41780120076719013,-1.4391177128246682,1.3135706133348442,-0.125547099489824,-1.4391177128246682,1.3135706133348442,-0.125547099489824,-0.03810522480648615,0.0,0.0,0.000544268005929066,-0.1260913674957531,0.29225410127736606,0.29225410127736606,0.0,1000.4509036232329,1000.4509036232329,0,lp_in_range,0.006628037896007299,0.04336707666516304,0.31746503710746765,1.0,0.9372012615203857,0.0,continuous_delta_hedged,0,0,0.0,2.5,2.0,0.0,1003.8732339878654,2248.340787113269,2216.3452305160026,2261.116113167816,W10
2026-04-11 03:00:00+00:00,lp_in_range,0,hold,0.0,0,0,0,0,hold,hold,0.0002700558635303135,0.2700558635303135,0.37015919516887635,0.36796794786323195,0.8074056446502027,-0.9053177289831211,-0.09791208433291843,0.8074056446502027,-0.9053177289831211,-0.09791208433291843,-0.042204357672289916,0.0,0.0,0.002191247305644396,-0.10010333163856282,0.2700558635303135,0.2700558635303135,0.0,1000.7209594867631,1000.7209594867631,0,lp_in_range,0.006592656951397657,0.03763923794031143,0.39269912242889404,1.0,0.8397862911224365,0.0,continuous_delta_hedged,0,0,0.0,2.5,3.0,0.0,999.1276322702828,2237.7122241236466,2216.3452305160026,2261.116113167816,W10
2026-04-11 04:00:00+00:00,lp_in_range,0,hold,0.0,0,0,0,0,hold,hold,0.00019162322615304066,0.19162322615304067,0.4943097098203145,0.49108911338632605,-1.5718465563859354,1.27238066915265,-0.2994658872332854,-1.5718465563859354,1.27238066915265,-0.2994658872332854,-0.22902883618587566,0.0,0.0,0.0032205964339884793,-0.30268648366727385,0.19162322615304067,0.19162322615304067,0.0,1000.9125827129162,1000.9125827129162,0,lp_in_range,0.005749139003455639,0.031719598919153214,0.3182681202888489,1.0,0.731421172618866,0.0,continuous_delta_hedged,0,0,0.0,2.5,4.0,0.0,1000.9185026497823,2241.7231756883843,2216.3452305160026,2261.116113167816,W10
2026-04-11 05:00:00+00:00,lp_in_range,0,hold,0.0,0,0,0,0,hold,hold,0.000310239673577943,0.310239673577943,0.3931219840048009,0.38925695294456364,0.5172816919425713,-0.596298971309192,-0.07901727936662062,0.5172816919425713,-0.596298971309192,-0.07901727936662062,-0.08617307210920444,0.0,0.0,0.003865031060237306,-0.08288231042685792,0.310239673577943,0.310239673577943,0.0,1001.2228223864943,1001.2228223864943,0,lp_in_range,0.004984152968972921,0.026909025385975838,0.4259815216064453,0.0,0.6643685698509216,0.0,continuous_delta_hedged,0,0,0.0,2.5,5.0,0.0,997.8619648659793,2234.877551824724,2216.3452305160026,2261.116113167816,W10
2026-04-11 06:00:00+00:00,lp_in_range,0,hold,0.0,0,0,0,0,hold,hold,0.00012417380708086383,0.12417380708086384,0.1656274149127103,0.16208394452826097,-1.0892107679881065,1.0513006305407093,-0.03791013744739713,-1.0892107679881065,1.0513006305407093,-0.03791013744739713,-0.43494494371032033,0.0,0.0,0.0035434703844493243,-0.041453607831846456,0.12417380708086384,0.12417380708086384,0.0,1001.3469961935751,1001.3469961935751,0,lp_in_range,0.0043596504256129265,0.02077210694551468,0.32623589038848877,0.0,0.5518737435340881,0.0,continuous_delta_hedged,0,0,0.0,2.5,6.0,0.0,998.6882672145423,2236.72819313068,2216.3452305160026,2261.116113167816,W10
2026-04-11 07:00:00+00:00,lp_in_range,0,hold,0.0,0,0,0,0,hold,hold,0.0001453519164590358,0.1453519164590358,0.1758231584913857,0.17214557496128327,0.44669375289447544,-0.4734874113967229,-0.026793658502247464,0.44669375289447544,-0.4734874113967229,-0.026793658502247464,-0.2704139538020627,0.0,0.0,0.0036775835301024145,-0.03047124203234988,0.1453519164590358,0.1453519164590358,0.0,1001.4923481100342,1001.4923481100342,0,lp_in_range,0.004217630252242088,0.018610533326864243,0.15604889392852783,0.0,0.5366448760032654,0.0,continuous_delta_hedged,0,0,0.0,2.5,7.0,0.0,997.0542286677481,2233.0684924950947,2216.3452305160026,2261.116113167816,W10
2026-04-11 08:00:00+00:00,lp_in_range,0,hold,0.0,0,0,0,0,hold,hold,0.00018491363018953455,0.18491363018953455,0.7607208364036604,0.7589967405930852,2.0545162311296963,-2.628599341533247,-0.5740831104035506,2.0545162311296963,-2.628599341533247,-0.5740831104035506,-0.2207765754232014,0.0,0.0,0.001724095810575205,-0.5758072062141258,0.18491363018953455,0.18491363018953455,0.0,1001.6772617402237,1001.6772617402237,0,lp_in_range,0.003963983152061701,0.016582228243350983,0.17804206907749176,0.0,0.5227754712104797,0.0,continuous_delta_hedged,0,0,0.0,2.5,8.0,0.0,997.6769199302402,2234.463112966923,2216.3452305160026,2261.116113167816,W10
2026-04-11 09:00:00+00:00,lp_in_range,0,hold,0.0,0,0,0,0,hold,hold,0.0002445365611535048,0.24453656115350478,0.29469827632738066,0.2927552198409994,-0.5088403818790539,0.46062172319155925,-0.04821865868749464,-0.5088403818790539,0.46062172319155925,-0.04821865868749464,-0.013593987420449594,0.0,0.0,0.0019430564863812403,-0.05016171517387588,0.24453656115350478,0.24453656115350478,0.0,1001.9217983013771,1001.9217983013771,0,lp_in_range,0.004095993936061859,0.014740020036697388,0.7910922169685364,0.0,0.5028267502784729,0.0,continuous_delta_hedged,0,0,0.0,2.5,9.0,0.0,1002.1013894482961,2244.372447076039,2216.3452305160026,2261.116113167816,W10
2026-04-11 10:00:00+00:00,lp_in_range,0,hold,0.0,0,0,0,0,hold,hold,0.000197619721052864,0.197619721052864,0.342386756921053,0.3405646644285654,0.7246124923825619,-0.8675574357582633,-0.1429449433757014,0.7246124923825619,-0.8675574357582633,-0.1429449433757014,-0.5336633411225193,0.0,0.0,0.0018220924924876268,-0.14476703586818904,0.197619721052864,0.197619721052864,0.0,1002.11941802243,1002.11941802243,0,lp_in_range,0.003887705970555544,0.014795076102018356,0.41720232367515564,0.0,0.5498183369636536,0.0,continuous_delta_hedged,0,0,0.0,2.5,10.0,0.0,1000.5212332208399,2240.8334248410424,2216.3452305160026,2261.116113167816,W10
2026-04-11 11:00:00+00:00,lp_in_range,0,hold,0.0,0,0,0,0,hold,hold,0.00020889049577421672,0.20889049577421673,0.24513311079561817,0.24413209297226143,-0.05796744943882004,0.02272585224077532,-0.03524159719804472,-0.05796744943882004,0.02272585224077532,-0.03524159719804472,-0.41235294185412386,0.0,0.0,0.0010010178233567247,-0.03624261502140144,0.20889049577421673,0.20889049577421673,0.0,1002.3283085182042,1002.3283085182042,0,lp_in_range,0.0036898397374898195,0.012463721446692944,0.5640310049057007,0.0,0.5227947235107422,0.0,continuous_delta_hedged,0,0,0.0,2.5,11.0,0.0,1003.2680609805936,2246.985401682676,2216.3452305160026,2261.116113167816,W10
2026-04-11 12:00:00+00:00,lp_in_range,0,hold,0.0,0,0,0,0,hold,hold,0.00022288341678665803,0.22288341678665802,0.6788054721419976,0.6765696816394087,-0.5414199532058319,0.08773368835308125,-0.45368626485275065,-0.5414199532058319,0.08773368835308125,-0.45368626485275065,-0.0358686994773052,0.0,0.0,0.002235790502588926,-0.4559220553553396,0.22288341678665802,0.22288341678665802,0.0,1002.5511919349908,1002.5511919349908,0,lp_in_range,0.0032385156955569983,0.012448993511497974,0.47287192940711975,0.0,0.599312961101532,0.0,continuous_delta_hedged,0,0,0.0,2.5,12.0,0.0,1002.872421425725,2246.099301208941,2216.3452305160026,2261.116113167816,W10
2026-04-11 13:00:00+00:00,lp_in_range,0,hold,0.0,0,0,0,0,hold,hold,0.0002658973172126631,0.26589731721266313,0.3307821692610733,0.3288995457821928,0.14222965640522034,-0.20523188497475003,-0.0630022285695297,0.14222965640522034,-0.20523188497475003,-0.0630022285695297,-0.07883462099209737,0.0,0.0,0.0018826234788804545,-0.06488485204841014,0.26589731721266313,0.26589731721266313,0.0,1002.8170892522035,1002.8170892522035,0,lp_in_range,0.0034361211583018303,0.01235083770006895,1.3918144702911377,0.0,0.6272224187850952,0.0,continuous_delta_hedged,0,0,0.0,2.5,13.0,0.0,1000.8467433513222,2241.56245882482,2216.3452305160026,2261.116113167816,W10
2026-04-11 14:00:00+00:00,lp_in_range,0,hold,0.0,0,0,0,0,hold,hold,-6.742653995359254e-05,-0.06742653995359255,0.3930726353885752,0.3925204936022085,0.537924600587985,-0.997871634143786,-0.459947033555801,0.537924600587985,-0.997871634143786,-0.459947033555801,-1.1470483919275694,0.0,0.0,0.0005521417863666776,-0.4604991753421677,-0.06742653995359255,-0.06742653995359255,0.0,1002.7496627122499,1002.7496627122499,0,lp_oor,0.0033262399956583977,0.012062236666679382,0.7243132591247559,0.0,0.6481403112411499,0.0,continuous_delta_hedged,0,0,0.0,2.5,14.0,0.0,1001.2554424546427,2242.4778083256747,2216.3452305160026,2261.116113167816,W10
2026-04-11 15:00:00+00:00,lp_oor,2,recenter_same_width,0.0,10,10,2,2,recenter_same_width,recenter_same_width,-0.0025877380474130713,-2.587738047413071,0.48868365082559484,0.1713200023829033,1.1288417424333375,-3.8878997922293115,-2.759058049795974,1.1288417424333375,-3.8878997922293115,-2.759058049795974,-1.1470483919275694,0.0,0.0,0.0019487094624224693,-2.7610067592583967,-2.272323108432802,-2.587738047413071,0.31541493898026907,1000.1619246648368,1000.1619246648368,0,lp_in_range,0.00343945506028831,0.011459928005933762,1.415839672088623,0.0,0.6512662172317505,0.0,continuous_delta_hedged,0,0,0.0,2.5,15.0,0.05814874638403769,1004.7999510202528,2250.4163237761522,2216.3452305160026,2261.116113167816,W10
2026-04-11 16:00:00+00:00,lp_in_range,0,hold,0.0,0,0,0,0,hold,hold,0.00026142967466580107,0.2614296746658011,0.3653758443465994,0.3650732344131989,0.0003103683093286236,-0.1039539280567264,-0.10364355974739778,0.0003103683093286236,-0.1039539280567264,-0.10364355974739778,-1.1254884988559297,0.0,0.0,0.0003026099334005549,-0.10394616968079834,0.2614296746658011,0.2614296746658011,0.0,1000.4233543395026,1000.4233543395026,0,lp_in_range,0.004000011831521988,0.012329235672950745,3.3660902976989746,0.0,0.7435210347175598,0.0,continuous_delta_hedged,0,0,0.0,2.5,1.0,0.0,1009.4969260957268,2260.935979326975,2216.3452305160026,2261.116113167816,W10
2026-04-11 17:00:00+00:00,lp_in_range,0,hold,0.0,0,0,0,0,hold,hold,7.719577789972635e-05,0.07719577789972634,0.08710945007675328,0.08705952234680384,8.920697155190283e-06,-0.009872665144232674,-0.009863744447077483,8.920697155190283e-06,-0.009872665144232674,-0.009863744447077483,-10.449184897796158,0.0,0.0,4.9927729949445e-05,-0.009913672177026928,0.07719577789972634,0.07719577789972634,0.0,1000.5005501174023,1000.5005501174023,0,lp_oor,0.0038846617098897696,0.013363904319703579,1.0352267026901245,0.0,0.8518198132514954,0.0,continuous_delta_hedged,0,0,0.0,2.5,2.0,0.0,1009.5639110452778,2261.0860032434407,2216.3452305160026,2261.116113167816,W10
2026-04-11 18:00:00+00:00,lp_oor,2,recenter_same_width,0.0,10,10,2,2,recenter_same_width,recenter_same_width,-0.0003636983833608425,-0.3636983833608425,1.0185553187563994,0.7069495704964988,1.098717334263597,-2.169365288120938,-1.0706479538573412,1.098717334263597,-2.169365288120938,-1.0706479538573412,-10.449184897796158,0.0,0.0,0.0002610043579415303,-1.0709089582152829,-0.052353639458883494,-0.3636983833608425,0.311344743901959,1000.1368517340414,1000.1368517340414,0,lp_in_range,0.0052753170020878315,0.027193624526262283,5.5769219398498535,1.0,1.6399258375167847,1.0,continuous_delta_hedged,0,0,0.0,2.5,3.0,3.658547911407328,1029.2645051168636,2305.2087546844296,2216.3452305160026,2261.116113167816,W10
2026-04-11 19:00:00+00:00,lp_in_range,0,hold,0.0,0,0,0,0,hold,hold,0.0007710847118021917,0.7710847118021917,1.4944048079080168,1.4913587602982072,-2.7916535599798635,2.071379511483848,-0.7202740484960155,-2.7916535599798635,2.071379511483848,-0.7202740484960155,-0.38837308674692395,0.0,0.0,0.0030460476098095007,-0.723320096105825,0.7710847118021917,0.7710847118021917,0.0,1000.9079364458437,1000.9079364458437,0,lp_in_range,0.005682736169546843,0.03791886568069458,3.4482836723327637,1.0,2.154924154281616,1.0,continuous_delta_hedged,0,0,0.0,2.5,1.0,0.0,1033.9602042302406,2315.7255525062797,2216.3452305160026,2261.116113167816,W10
2026-04-11 20:00:00+00:00,lp_in_range,0,hold,0.0,0,0,0,0,hold,hold,0.0006893344648553301,0.6893344648553301,0.9625722528612827,0.9590091383051729,0.6571527473274728,-0.9268274207773155,-0.26967467344984275,0.6571527473274728,-0.9268274207773155,-0.26967467344984275,-0.1706992950445283,0.0,0.0,0.003563114556109825,-0.27323778800595255,0.6893344648553301,0.6893344648553301,0.0,1001.597270910699,1001.597270910699,0,lp_in_range,0.006398333236575127,0.04226309061050415,1.9271454811096191,1.0,2.270923137664795,1.0,continuous_delta_hedged,0,0,0.0,2.5,2.0,0.0,1026.400065231957,2298.7933659606106,2216.3452305160026,2261.116113167816,W10
2026-04-11 21:00:00+00:00,lp_in_range,1,go_cash,0.0,0,0,1,1,go_cash,exit_to_cash,-0.00042253817645958503,-0.422538176459585,0.0,-0.422538176459585,0.0,0.0,0.0,0.0,0.0,0.0,-0.1706992950445283,0.0,0.0,0.0,0.0,0.0,-0.422538176459585,0.422538176459585,1001.1747327342393,1001.1747327342393,1,cash,0.00658782385289669,0.04592813551425934,1.14510977268219,1.0,2.3324050903320312,1.0,continuous_delta_hedged,0,0,0.0,2.5,3.0,0.0,1027.3650327459682,2300.9545709280665,,,Cash
2026-04-11 22:00:00+00:00,cash,3,enter_w10,0.0,10,10,3,3,enter_w10,enter_w10,-0.0009028228561355891,-0.9028228561355891,0.7130003043137074,0.3780812745893269,-3.2596815848251026,1.9787774541001866,-1.280904130724916,-3.2596815848251026,1.9787774541001866,-1.280904130724916,-1.2226391307177664,0.0,0.0,0.004566609904108713,-1.2854707406290247,-0.5724704363153172,-0.9028228561355891,0.3303524198202718,1000.2719098781037,1000.2719098781037,0,lp_in_range,0.007037576287984848,0.048558350652456284,1.2898110151290894,1.0,2.3376710414886475,1.0,continuous_delta_hedged,0,0,0.0,2.5,0.0,0.0,1025.7320150794465,2297.2971567233544,2272.449436776037,2318.3536423416986,W10
2026-04-11 23:00:00+00:00,lp_in_range,0,hold,0.0,0,0,0,0,hold,hold,0.00019307032621825694,0.19307032621825693,0.6004797902663519,0.5953386601898674,-0.042340474793718386,-0.359927859177892,-0.4022683339716104,-0.042340474793718386,-0.359927859177892,-0.4022683339716104,-1.2457999438792058,0.0,0.0,0.0051411300764845885,-0.40740946404809497,0.19307032621825693,0.19307032621825693,0.0,1000.4649802043219,1000.4649802043219,0,lp_in_range,0.007188854273408651,0.04912711679935455,0.9663522243499756,1.0,2.060652256011963,1.0,continuous_delta_hedged,0,0,0.0,2.5,1.0,0.0,1020.6715829543859,2285.963478762847,2272.449436776037,2318.3536423416986,W10
2026-04-12 00:00:00+00:00,lp_in_range,0,hold,0.0,0,0,0,0,hold,hold,0.00025190084073913006,0.25190084073913005,0.31814675477267584,0.31298538256912173,-28.432314191546425,28.371229649716433,-0.06108454182999168,-28.432314191546425,28.371229649716433,-0.06108454182999168,-17.952467019708934,0.0,0.0,0.005161372203554107,-0.06624591403354578,0.25190084073913005,0.25190084073913005,0.0,1000.7168810450611,1000.7168810450611,0,lp_oor,0.007319964934140444,0.04937606677412987,0.8723803758621216,1.0,1.834925889968872,1.0,continuous_delta_hedged,0,0,0.0,2.5,2.0,0.0,1020.6239367329355,2285.856767138897,2272.449436776037,2318.3536423416986,W10
2026-04-12 01:00:00+00:00,lp_oor,2,recenter_same_width,0.0,10,10,2,2,recenter_same_width,recenter_same_width,0.0004904320699835613,0.4904320699835613,2.3679673799584045,1.9810991158386029,0.6529477082406174,-2.143614754095659,-1.4906670458550417,0.6529477082406174,-2.143614754095659,-1.4906670458550417,-17.952467019708934,0.0,0.0,0.0011229095194996005,-1.4917899553745413,0.8761774245838632,0.4904320699835613,0.38574535460030185,1001.2073131150446,1001.2073131150446,0,lp_in_range,0.009825950488448143,0.05248056724667549,4.56927490234375,1.0,1.9400367736816406,1.0,continuous_delta_hedged,0,0,0.0,2.5,3.0,2.859774230801967,991.4950193495083,2220.617720195243,2272.449436776037,2318.3536423416986,W10
2026-04-12 02:00:00+00:00,lp_in_range,0,hold,0.0,0,0,0,0,hold,hold,0.0004062455019936797,0.4062455019936797,1.1456108765031567,1.1433272008068158,-1.9902252292703224,1.2531435304571863,-0.7370816988131361,-1.9902252292703224,1.2531435304571863,-0.7370816988131361,-0.31522097371293967,0.0,0.0,0.0022836756963409612,-0.739365374509477,0.4062455019936797,0.4062455019936797,0.0,1001.6135586170384,1001.6135586170384,0,lp_in_range,0.010500693693757057,0.05348886549472809,1.8330992460250854,1.0,1.9669634103775024,1.0,continuous_delta_hedged,0,0,0.0,2.5,1.0,0.0,993.6671112493451,2225.4824806514625,2272.449436776037,2318.3536423416986,W10
2026-04-12 03:00:00+00:00,lp_in_range,0,hold,0.0,0,0,0,0,hold,hold,0.0004030494988399429,0.4030494988399429,0.5387096313736554,0.5348757564077201,-0.7562650178757622,0.624438760307985,-0.13182625756777722,-0.7562650178757622,0.624438760307985,-0.13182625756777722,-0.6388811276923434,0.0,0.0,0.0038338749659352325,-0.13566013253371245,0.4030494988399429,0.4030494988399429,0.0,1002.0166081158783,1002.0166081158783,0,lp_in_range,0.010620849207043648,0.0558515340089798,0.7633362412452698,1.0,1.8960610628128052,1.0,continuous_delta_hedged,0,0,0.0,2.5,2.0,0.0,989.0091562600518,2215.0502170624,2272.449436776037,2318.3536423416986,W10
2026-04-12 04:00:00+00:00,lp_in_range,0,hold,0.0,0,0,0,0,hold,hold,0.00047611133068765254,0.47611133068765255,0.6029059623651605,0.5994917339074954,1.7667828554567677,-1.8901632586766106,-0.1233804032198429,1.7667828554567677,-1.8901632586766106,-0.1233804032198429,-0.02707714506470893,0.0,0.0,0.0034142284576650344,-0.12679463167750793,0.47611133068765255,0.47611133068765255,0.0,1002.492719446566,1002.492719446566,0,lp_in_range,0.010674435645341873,0.058328982442617416,0.35593101382255554,1.0,1.8388941287994385,1.0,continuous_delta_hedged,0,0,0.0,2.5,3.0,0.0,987.9569674488401,2212.6936655179447,2272.449436776037,2318.3536423416986,W10
2026-04-12 05:00:00+00:00,lp_in_range,0,hold,0.0,0,0,0,0,hold,hold,0.00017391139979498668,0.17391139979498668,0.24278517938638966,0.24008552414541937,-0.4517642373224362,0.3855901129720035,-0.06617412435043268,-0.4517642373224362,0.3855901129720035,-0.06617412435043268,-0.12774293536608639,0.0,0.0,0.002699655240970291,-0.06887377959140298,0.17391139979498668,0.17391139979498668,0.0,1002.6666308463609,1002.6666308463609,0,lp_in_range,0.010510297492146492,0.06018916144967079,0.4036841094493866,1.0,1.7355873584747314,1.0,continuous_delta_hedged,0,0,0.0,2.5,4.0,0.0,990.7661264495762,2218.9852435230196,2272.449436776037,2318.3536423416986,W10
2026-04-12 06:00:00+00:00,lp_in_range,0,hold,0.0,0,0,0,0,hold,hold,0.0002886334880285981,0.2886334880285981,0.36482185790751176,0.36174181529083815,0.6732737971753977,-0.7463821244376377,-0.07310832726224004,0.6732737971753977,-0.7463821244376377,-0.07310832726224004,-0.003142607439940548,0.0,0.0,0.003080042616673627,-0.07618836987891367,0.2886334880285981,0.2886334880285981,0.0,1002.9552643343894,1002.9552643343894,0,lp_in_range,0.009809511713683605,0.062176648527383804,0.16456761956214905,1.0,1.651910424232483,1.0,continuous_delta_hedged,0,0,0.0,2.5,5.0,0.0,989.9121789135681,2217.07268622967,2272.449436776037,2318.3536423416986,W10
2026-04-12 07:00:00+00:00,lp_in_range,0,hold,0.0,0,0,0,0,hold,hold,0.0001614341310826252,0.16143413108262522,0.24242680324802213,0.23945015399233857,-1.466886042501983,1.3888700195922696,-0.07801602290971332,-1.466886042501983,1.3888700195922696,-0.07801602290971332,-0.4086012065590694,0.0,0.0,0.0029766492556835672,-0.08099267216539689,0.16143413108262522,0.16143413108262522,0.0,1003.1166984654722,1003.1166984654722,0,lp_in_range,0.009681452065706253,0.0637933760881424,0.248910054564476,1.0,1.6885912418365479,1.0,continuous_delta_hedged,0,0,0.0,2.5,6.0,0.0,991.2466717349228,2220.06150447761,2272.449436776037,2318.3536423416986,W10
2026-04-12 08:00:00+00:00,lp_in_range,0,hold,0.0,0,0,0,0,hold,hold,0.00015095529665823623,0.15095529665823623,0.1782482639116535,0.17462016241028525,0.24298555706548086,-0.2666504228175299,-0.023664865752049014,0.24298555706548086,-0.2666504228175299,-0.023664865752049014,-0.31212401785319344,0.0,0.0,0.003628101501368245,-0.027292967253417257,0.15095529665823623,0.15095529665823623,0.0,1003.2676537621304,1003.2676537621304,0,lp_in_range,0.008206474594771862,0.0660725012421608,0.16691625118255615,1.0,1.742470383644104,1.0,continuous_delta_hedged,0,0,0.0,2.5,7.0,0.0,988.6650500911404,2214.2795341629394,2272.449436776037,2318.3536423416986,W10
2026-04-12 09:00:00+00:00,lp_in_range,0,hold,0.0,0,0,0,0,hold,hold,6.030519807454782e-05,0.06030519807454782,0.3303772750937216,0.3266461170369771,-4.988189508009555,4.721848589047125,-0.2663409189624293,-4.988189508009555,4.721848589047125,-0.2663409189624293,-3.032035945127973,0.0,0.0,0.0037311580567445197,-0.2700720770191738,0.06030519807454782,0.06030519807454782,0.0,1003.3279589602049,1003.3279589602049,0,lp_oor,0.007489070296287537,0.06778386235237122,0.1248796284198761,1.0,1.690751075744629,1.0,continuous_delta_hedged,0,0,0.0,2.5,8.0,0.0,989.0213902037974,2215.0776170106997,2272.449436776037,2318.3536423416986,W10
2026-04-12 10:00:00+00:00,lp_oor,2,recenter_same_width,0.0,10,10,2,2,recenter_same_width,recenter_same_width,1.6739612638389025e-05,0.016739612638389023,0.5090532327523425,0.12612260464713854,0.4217213441414742,-0.5311043361502237,-0.10938299200874946,0.4217213441414742,-0.5311043361502237,-0.10938299200874946,-3.032035945127973,0.0,0.0,0.001799336543390963,-0.11118232855214043,0.39787090420020205,0.016739612638389023,0.381131291561813,1003.3446985728433,1003.3446985728433,0,lp_in_range,0.007354120723903179,0.07109811156988144,0.7565812468528748,1.0,1.682274341583252,1.0,continuous_delta_hedged,0,0,0.0,2.5,9.0,0.29915201049791257,983.5044473990508,2202.7215075855997,2272.449436776037,2318.3536423416986,W10
2026-04-12 11:00:00+00:00,lp_in_range,0,hold,0.0,0,0,0,0,hold,hold,-0.0019163592069979753,-1.9163592069979754,1.776399586634778,1.7744388722461613,-1.9782578202355126,-1.7125402590086238,-3.6907980792441366,-1.9782578202355126,-1.7125402590086238,-3.6907980792441366,-0.39103193979826756,0.0,0.0,0.0019607143886167435,-3.6927587936327533,-1.9163592069979754,-1.9163592069979754,0.0,1001.4283393658453,1001.4283393658453,0,lp_in_range,0.007272582035511732,0.07341823726892471,0.3481353223323822,1.0,1.7147750854492188,1.0,continuous_delta_hedged,0,0,0.0,2.5,1.0,0.0,984.6597902832559,2205.309089803865,2272.449436776037,2318.3536423416986,W10
2026-04-12 12:00:00+00:00,lp_in_range,0,hold,0.0,0,0,0,0,hold,hold,0.0006662567213526678,0.6662567213526678,1.5100208429070683,1.5054418528376716,-3.271319046444546,2.4321339149595422,-0.8391851314850038,-3.271319046444546,2.4321339149595422,-0.8391851314850038,-2.1085272564583875,0.0,0.0,0.004578990069396699,-0.8437641215544005,0.6662567213526678,0.6662567213526678,0.0,1002.094596087198,1002.094596087198,0,lp_oor,0.007342059165239334,0.07649075984954834,1.232410192489624,1.0,1.7637978792190552,1.0,continuous_delta_hedged,0,0,0.0,2.5,2.0,0.0,980.7618273862658,2196.5789546919423,2272.449436776037,2318.3536423416986,W10
2026-04-12 13:00:00+00:00,lp_oor,1,go_cash,0.0,0,0,1,1,go_cash,exit_to_cash,-0.0006312567576523189,-0.6312567576523189,0.0,-0.6312567576523189,0.0,0.0,0.0,0.0,0.0,0.0,-2.1085272564583875,0.0,0.0,0.0,0.0,0.0,-0.6312567576523189,0.6312567576523189,1001.4633393295458,1001.4633393295458,1,cash,0.007150858175009489,0.07990743219852448,1.2607383728027344,1.0,1.7897361516952515,1.0,continuous_delta_hedged,0,0,0.0,2.5,3.0,0.09789034866421066,977.1054297276655,2188.3898450400397,,,Cash
2026-04-12 14:00:00+00:00,cash,2,enter_w6,0.0,6,6,2,2,enter_w6,enter_w6,0.0003486362212355523,0.3486362212355523,1.1945150253532262,0.8623261248671239,0.4422109324144685,-0.9559008360460401,-0.5136899036315716,0.4422109324144685,-0.9559008360460401,-0.5136899036315716,-0.38096769134733677,0.0,0.0,0.0017498986872385703,-0.5154398023188101,0.679075223034416,0.3486362212355523,0.3304390017988637,1001.8119755507814,1001.8119755507814,0,lp_in_range,0.0072875539772212505,0.07878062129020691,0.9126424789428711,1.0,1.7153019905090332,1.0,continuous_delta_hedged,0,0,0.0,2.5,0.0,0.0,974.5549410754785,2182.6776022292597,2168.1204640268234,2194.2933240763823,W6
2026-04-12 15:00:00+00:00,lp_in_range,0,hold,0.0,0,0,0,0,hold,hold,0.0004383296194670557,0.43832961946705573,0.49791379122689955,0.4976238983602006,0.0010083405734349071,-0.0603026194665798,-0.05929427889314489,0.0010083405734349071,-0.0603026194665798,-0.05929427889314489,-0.3951523059666897,0.0,0.0,0.00028989286669892946,-0.05958417175984382,0.43832961946705573,0.43832961946705573,0.0,1002.2503051702485,1002.2503051702485,0,lp_in_range,0.005128798075020313,0.07302010804414749,0.5846211910247803,1.0,1.5839314460754395,1.0,continuous_delta_hedged,0,0,0.0,2.5,1.0,0.0,976.6377271334361,2187.3423474245615,2168.1204640268234,2194.2933240763823,W6
2026-04-12 16:00:00+00:00,lp_in_range,0,hold,0.0,0,0,0,0,hold,hold,7.798319828605339e-06,0.007798319828605339,0.010987912034600611,0.010987878048071446,0.0014913035796553231,-0.004680861799121431,-0.003189558219466108,0.0014913035796553231,-0.004680861799121431,-0.003189558219466108,-3.253090270641792,0.0,0.0,3.398652916539236e-08,-0.003189592205995273,0.007798319828605339,0.007798319828605339,0.0,1002.258103490077,1002.258103490077,0,lp_oor,0.004468048922717571,0.06849239021539688,0.3687177002429962,0.0,1.4801816940307617,1.0,continuous_delta_hedged,0,0,0.0,2.5,2.0,0.0,976.6761679703849,2187.4284420614904,2168.1204640268234,2194.2933240763823,W6
2026-04-12 17:00:00+00:00,lp_oor,2,recenter_same_width,0.0,6,6,2,2,recenter_same_width,recenter_same_width,0.000533500174939272,0.5335001749392719,1.1297933413672712,0.8214312310466997,-0.4768699915424577,0.18893893543503007,-0.28793105610742764,-0.4768699915424577,0.18893893543503007,-0.28793105610742764,-3.253090270641792,0.0,0.0,0.0024341896190597234,-0.29036524572648736,0.8394280956407838,0.5335001749392719,0.30592792070151187,1002.7916036650163,1002.7916036650163,0,lp_in_range,0.004604168701916933,0.05987527221441269,0.8665595650672913,0.0,1.2788556814193726,1.0,continuous_delta_hedged,0,0,0.0,2.5,3.0,1.5638002137068305,983.9110247097573,2203.6321049796,2168.1204640268234,2194.2933240763823,W6
2026-04-12 18:00:00+00:00,lp_in_range,0,hold,0.0,0,0,0,0,hold,hold,0.00042415809636421674,0.42415809636421675,0.509710710695818,0.5068665016560342,-0.6241524117224344,0.541444006430617,-0.08270840529181744,-0.6241524117224344,0.541444006430617,-0.08270840529181744,-0.2719800253375979,0.0,0.0,0.002844209039783794,-0.08555261433160123,0.42415809636421675,0.42415809636421675,0.0,1003.2157617613805,1003.2157617613805,0,lp_in_range,0.004629994742572308,0.050033848732709885,0.5920355319976807,0.0,1.056326985359192,1.0,continuous_delta_hedged,0,0,0.0,2.5,1.0,0.0,983.0329488397875,2201.6655082761595,2168.1204640268234,2194.2933240763823,W6
2026-04-12 19:00:00+00:00,lp_in_range,0,hold,0.0,0,0,0,0,hold,hold,0.00021854565011397665,0.21854565011397664,0.8204370691687726,0.8172268036503918,1.7342299094583495,-2.3329110629947647,-0.5986811535364152,1.7342299094583495,-2.3329110629947647,-0.5986811535364152,-1.4876206617925618,0.0,0.0,0.0032102655183808056,-0.6018914190547959,0.21854565011397664,0.21854565011397664,0.0,1003.4343074114945,1003.4343074114945,0,lp_oor,0.0045170858502388,0.039849184453487396,0.2870023250579834,0.0,0.8511252403259277,0.0,continuous_delta_hedged,0,0,0.0,2.5,2.0,0.0,982.1367504849792,2199.6583232589287,2168.1204640268234,2194.2933240763823,W6
2026-04-12 20:00:00+00:00,lp_oor,1,go_cash,0.0,0,0,1,1,go_cash,exit_to_cash,-2.9999999999999997e-05,-0.03,0.0,-0.03,0.0,0.0,0.0,0.0,0.0,0.0,-1.4876206617925618,0.0,0.0,0.0,0.0,0.0,-0.03,0.03,1003.4043074114945,1003.4043074114945,1,cash,0.005090899765491486,0.02318602241575718,1.2218284606933594,1.0,0.5010706782341003,0.0,continuous_delta_hedged,0,0,0.0,2.5,3.0,0.35357207623714126,988.4499130148838,2213.7976989600556,,,Cash
2026-04-12 21:00:00+00:00,cash,1,enter_w4,0.0,4,4,1,1,enter_w4,enter_w4,-0.0004712682295877104,-0.47126822958771036,0.49006769133212774,0.15360913687208244,-4.235653891744278,3.610776525284485,-0.6248773664597929,-4.235653891744278,3.610776525284485,-0.6248773664597929,-2.789910154380209,0.0,0.0,0.0054372622365969564,-0.6303146286963898,-0.14024693736426203,-0.47126822958771036,0.33102129222344834,1002.9330391819068,1002.9330391819068,0,lp_oor,0.005248242523521185,0.022540228441357613,0.9909049272537231,1.0,0.4889362156391144,0.0,continuous_delta_hedged,0,0,0.0,2.5,0.0,0.0,987.5186884714755,2211.7120669778296,2200.885758139418,2218.56257336788,W4
2026-04-12 22:00:00+00:00,lp_oor,0,hold_oor,0.0,0,0,0,0,hold_oor,hold_oor,-5.450882897804024e-06,-0.005450882897804024,0.0,-0.00545088289788618,-3.4104069034331133,3.4104069034331954,8.215650382226158e-14,-3.4104069034331133,3.4104069034331954,8.215650382226158e-14,-5.269317996643963,0.0,0.0,0.00545088289788618,-0.005450882897804024,-0.005450882897804024,-0.005450882897804024,0.0,1002.927588299009,1002.927588299009,0,lp_oor,0.005926375277340412,0.021161146461963654,4.488034248352051,1.0,0.4607447385787964,0.0,continuous_delta_hedged,0,0,0.0,2.5,1.0,0.40496929196779646,982.3103154145268,2200.047050736764,2200.885758139418,2218.56257336788,W4
2026-04-12 23:00:00+00:00,lp_oor,0,hold_oor,0.0,0,0,0,0,hold_oor,hold_oor,4.878501215573311e-05,0.04878501215573311,0.25897494177528557,0.2535715176016284,5.998502807301293,-6.203289312747188,-0.20478650544589527,5.998502807301293,-6.203289312747188,-0.20478650544589527,-0.9098748907946401,0.0,0.0,0.0054034241736571915,-0.21018992961955246,0.04878501215573311,0.04878501215573311,0.0,1002.9763733111647,1002.9763733111647,0,lp_in_range,0.006252247374504805,0.021299194544553757,1.401443600654602,1.0,0.4770512282848358,0.0,continuous_delta_hedged,0,0,0.0,2.5,2.0,0.943660678567968,978.9563389794057,2192.5352636278044,2200.885758139418,2218.56257336788,W4
2026-04-13 00:00:00+00:00,lp_in_range,0,hold,0.0,0,0,0,0,hold,hold,0.00038032241703965725,0.38032241703965725,0.7326612575570164,0.7273351310589723,-0.6290902593348164,0.28207754531550133,-0.3470127140193151,-0.6290902593348164,0.28207754531550133,-0.3470127140193151,-1.3656889116876982,0.0,0.0,0.005326126498044054,-0.35233884051735914,0.38032241703965725,0.38032241703965725,0.0,1003.3566957282044,1003.3566957282044,0,lp_oor,0.006158852484077215,0.020839162170886993,1.3265951871871948,1.0,0.4805295467376709,0.0,continuous_delta_hedged,0,0,0.0,2.5,3.0,0.0,984.8611436604349,2205.760054124067,2200.885758139418,2218.56257336788,W4
2026-04-13 01:00:00+00:00,lp_oor,0,hold_oor,0.0,0,0,0,0,hold_oor,hold_oor,-5.5359700923162045e-06,-0.0055359700923162045,3.703379853567453e-07,-0.0054682518895908735,-4.639148623760889,4.639080905558163,-6.771820272533091e-05,-4.639148623760889,4.639080905558163,-6.771820272533091e-05,-4.738407125341382,0.0,0.0,0.005468622227576231,-0.005536340430301562,-0.0055359700923162045,-0.0055359700923162045,0.0,1003.3511597581121,1003.3511597581121,0,lp_oor,0.006131533533334732,0.01975364051759243,0.7178735136985779,1.0,0.4613710939884186,0.0,continuous_delta_hedged,0,0,0.0,2.5,4.0,0.08154566835224777,984.2369062742333,2204.3619708514784,2200.885758139418,2218.56257336788,W4
2026-04-13 02:00:00+00:00,lp_oor,1,go_cash,0.0,0,0,1,1,go_cash,exit_to_cash,-0.0006320106958548673,-0.6320106958548674,0.0,-0.6320106958548674,0.0,0.0,0.0,0.0,0.0,0.0,-4.738407125341382,0.0,0.0,0.0,0.0,0.0,-0.6320106958548674,0.6320106958548674,1002.7191490622572,1002.7191490622572,1,cash,0.005936693400144577,0.01908828690648079,0.874537467956543,1.0,0.4516538381576538,0.0,continuous_delta_hedged,0,0,0.0,2.5,5.0,0.8590640708977492,979.674519555084,2194.1437482712245,,,Cash
2026-04-13 03:00:00+00:00,cash,1,enter_w4,0.0,4,4,1,1,enter_w4,enter_w4,0.000537679832643882,0.537679832643882,1.185358820230646,0.8519106812433989,-0.8755606160863181,0.5613297674868011,-0.314230848599517,-0.8755606160863181,0.5613297674868011,-0.314230848599517,-0.22002130381622464,0.0,0.0,0.0026323942685699247,-0.3168632428680869,0.8684955773625591,0.537679832643882,0.33081574471867714,1003.2568288949011,1003.2568288949011,0,lp_in_range,0.005667950492352247,0.017491092905402184,0.4346940815448761,1.0,0.42602869868278503,0.0,continuous_delta_hedged,0,0,0.0,2.5,0.0,0.0,979.7655437666941,2194.347612106467,2185.534118821904,2203.087634560301,W4
2026-04-13 04:00:00+00:00,lp_in_range,0,hold,0.0,0,0,0,0,hold,hold,0.00011757117275598103,0.11757117275598103,0.18574097094712352,0.18031073144573706,-0.16157899826805533,0.0988394395782993,-0.06273955868975603,-0.16157899826805533,0.0988394395782993,-0.06273955868975603,-0.287640772473992,0.0,0.0,0.005430239501386467,-0.0681697981911425,0.11757117275598103,0.11757117275598103,0.0,1003.3744000676571,1003.3744000676571,0,lp_in_range,0.005554975476115942,0.016728825867176056,0.5099035501480103,1.0,0.4198034703731537,0.0,continuous_delta_hedged,0,0,0.0,2.5,1.0,0.0,978.4680113117198,2191.4415727358055,2185.534118821904,2203.087634560301,W4
2026-04-13 05:00:00+00:00,lp_in_range,0,hold,0.0,0,0,0,0,hold,hold,0.0007367062346153115,0.7367062346153115,0.9432639082861669,0.9421554699085979,1.5262020882739762,-1.7316513235672626,-0.2054492352932864,1.5262020882739762,-1.7316513235672626,-0.2054492352932864,-0.48216818210175916,0.0,0.0,0.0011084383775690175,-0.20655767367085542,0.7367062346153115,0.7367062346153115,0.0,1004.1111063022724,1004.1111063022724,0,lp_in_range,0.005424054339528084,0.015495809726417065,0.606673002243042,1.0,0.398513525724411,0.0,continuous_delta_hedged,0,0,0.0,2.5,2.0,0.0,978.2820338473081,2191.0250453252083,2185.534118821904,2203.087634560301,W4
2026-04-13 06:00:00+00:00,lp_in_range,0,hold,0.0,0,0,0,0,hold,hold,0.0004721509625201939,0.4721509625201939,0.6567633458013521,0.6523619577837524,-2.835489684538061,2.6552786892745024,-0.18021099526355844,-2.835489684538061,2.6552786892745024,-0.18021099526355844,-0.9346695350893697,0.0,0.0,0.004401388017599748,-0.1846123832811582,0.4721509625201939,0.4721509625201939,0.0,1004.5832572647927,1004.5832572647927,0,lp_oor,0.005556759424507618,0.015300952829420567,0.5292648077011108,1.0,0.4035181999206543,0.0,continuous_delta_hedged,0,0,0.0,2.5,3.0,0.0,981.687935412435,2198.6531273842825,2185.534118821904,2203.087634560301,W4
2026-04-13 07:00:00+00:00,lp_oor,1,go_cash,0.0,0,0,1,1,go_cash,exit_to_cash,-0.0006327499543588757,-0.6327499543588757,0.0,-0.6327499543588757,0.0,0.0,0.0,0.0,0.0,0.0,-0.9346695350893697,0.0,0.0,0.0,0.0,0.0,-0.6327499543588757,0.6327499543588757,1003.9505073104337,1003.9505073104337,1,cash,0.005488913506269455,0.015452583320438862,0.6120628714561462,1.0,0.4090251624584198,0.0,continuous_delta_hedged,0,0,0.0,2.5,4.0,0.1639668759531403,976.9712012029013,2188.089217971996,,,Cash
2026-04-13 08:00:00+00:00,cash,3,enter_w10,0.0,10,10,3,3,enter_w10,enter_w10,-0.0002743391905055666,-0.2743391905055666,0.5421784236066385,0.20998567559834147,0.5265489944277988,-1.010873860531707,-0.4843248661039081,0.5265489944277988,-1.010873860531707,-0.4843248661039081,-0.12242763050153371,0.0,0.0,0.0010075958151667987,-0.4853324619190749,0.05684596168756356,-0.2743391905055666,0.33118515219313016,1003.6761681199282,1003.6761681199282,0,lp_in_range,0.005575157236307859,0.016165852546691895,0.7054529786109924,1.0,0.4294946789741516,0.0,continuous_delta_hedged,0,0,0.0,2.5,0.0,0.0,975.6937534903607,2185.228161716815,2161.6261736498896,2205.2917138487132,W10
2026-04-13 09:00:00+00:00,lp_in_range,0,hold,0.0,0,0,0,0,hold,hold,0.00040817318709035667,0.40817318709035666,0.5732737826076753,0.5710018529689358,-0.9129875144985817,0.7501588486200026,-0.16282866587857914,-0.9129875144985817,0.7501588486200026,-0.16282866587857914,-0.03578492283304513,0.0,0.0,0.0022719296387394856,-0.16510059551731862,0.40817318709035666,0.40817318709035666,0.0,1004.0843413070186,1004.0843413070186,0,lp_in_range,0.005689813755452633,0.016119923442602158,0.5746936202049255,1.0,0.4648267924785614,0.0,continuous_delta_hedged,0,0,0.0,2.5,1.0,0.0,977.2173253351767,2188.640453831816,2161.6261736498896,2205.2917138487132,W10
2026-04-13 10:00:00+00:00,lp_in_range,1,go_cash,0.0,0,0,1,1,go_cash,exit_to_cash,-0.0003302702670033307,-0.33027026700333073,0.0,-0.33027026700333073,0.0,0.0,0.0,0.0,0.0,0.0,-0.03578492283304513,0.0,0.0,0.0,0.0,0.0,-0.33027026700333073,0.33027026700333073,1003.7540710400152,1003.7540710400152,1,cash,0.005211411044001579,0.016057215631008148,0.6036382913589478,1.0,0.5062237977981567,0.0,continuous_delta_hedged,0,0,0.0,2.5,2.0,0.0,974.870540561641,2183.3844396795544,,,Cash
2026-04-13 11:00:00+00:00,cash,3,enter_w10,0.0,10,10,3,3,enter_w10,enter_w10,0.00022822244649745705,0.22822244649745704,1.4959792688436608,1.1614777609094127,0.7796199629776766,-1.7128752773896323,-0.9332553144119557,0.7796199629776766,-1.7128752773896323,-0.9332553144119557,-0.25366710471712395,0.0,0.0,0.003375286622243545,-0.9366306010341993,0.5593486678094616,0.22822244649745704,0.33112622131200453,1003.9822934865126,1003.9822934865126,0,lp_in_range,0.005080363247543573,0.0159015953540802,0.5140253305435181,1.0,0.5398311018943787,0.0,continuous_delta_hedged,0,0,0.0,2.5,0.0,0.0,977.2173969569686,2188.640614240711,2165.9535355522203,2209.706489845768,W10
2026-04-13 12:00:00+00:00,lp_in_range,0,hold,0.0,0,0,0,0,hold,hold,0.0006715724770334257,0.6715724770334257,2.083390420429537,2.0825556471027,0.27385548440702223,-1.6848386544762963,-1.410983170069274,0.27385548440702223,-1.6848386544762963,-1.410983170069274,-4.566040648748867,0.0,0.0,0.0008347733268371996,-1.4118179433961113,0.6715724770334257,0.6715724770334257,0.0,1004.6538659635461,1004.6538659635461,0,lp_oor,0.004915817175060511,0.015463851392269135,1.5148398876190186,0.0,0.5686572194099426,0.0,continuous_delta_hedged,0,0,0.0,2.5,1.0,0.0,979.4145282956164,2193.5614546776083,2165.9535355522203,2209.706489845768,W10
2026-04-13 13:00:00+00:00,lp_oor,1,go_cash,0.0,0,0,1,1,go_cash,exit_to_cash,-2.9999999999999997e-05,-0.03,0.0,-0.03,0.0,0.0,0.0,0.0,0.0,0.0,-4.566040648748867,0.0,0.0,0.0,0.0,0.0,-0.03,0.03,1004.6238659635461,1004.6238659635461,1,cash,0.005515952128916979,0.016904518008232117,3.4020118713378906,1.0,0.6249053478240967,0.0,continuous_delta_hedged,0,0,0.0,2.5,2.0,1.3596927284197764,989.1664625254754,2215.4025305623977,,,Cash
2026-04-13 14:00:00+00:00,cash,3,enter_w10,0.0,10,10,3,3,enter_w10,enter_w10,-6.453062719172726e-05,-0.06453062719172725,0.5106145233609113,0.17393829272758604,-9.755565088324943,9.51709616840563,-0.2384689199193133,-9.755565088324943,9.51709616840563,-0.2384689199193133,-4.456842213464029,0.0,0.0,0.005289070844261423,-0.2437579907635747,0.26685653259733655,-0.06453062719172725,0.3313871597890638,1004.5593353363544,1004.5593353363544,0,lp_oor,0.005805502645671368,0.022497205063700676,2.700793504714966,1.0,0.8360468149185181,0.0,continuous_delta_hedged,0,0,0.0,2.5,0.0,0.0,997.769147978746,2234.669672994774,2211.917190968745,2256.5986258052008,W10
2026-04-13 15:00:00+00:00,lp_oor,0,hold_oor,0.0,0,0,0,0,hold_oor,hold_oor,0.0009302062358804907,0.9302062358804908,2.30747491010058,2.302765408740115,7.669159905625293,-9.041719078484917,-1.3725591728596243,7.669159905625293,-9.041719078484917,-1.3725591728596243,-0.5314831809233738,0.0,0.0,0.004709501360464753,-1.377268674220089,0.9302062358804908,0.9302062358804908,0.0,1005.4895415722349,1005.4895415722349,0,lp_in_range,0.006786952260881662,0.023194970563054085,1.9535638093948364,1.0,0.9258731007575989,0.0,continuous_delta_hedged,0,0,0.0,2.5,1.0,0.8693150877170834,986.7236228653834,2209.9313855430764,2211.917190968745,2256.5986258052008,W10
2026-04-13 16:00:00+00:00,lp_in_range,0,hold,0.0,0,0,0,0,hold,hold,0.0008614904888479664,0.8614904888479663,1.841465521276206,1.8378911983103279,-0.5648002573066151,-0.41160045215574653,-0.9764007094623617,-0.5648002573066151,-0.41160045215574653,-0.9764007094623617,-0.7744897353336455,0.0,0.0,0.003574322965878133,-0.9799750324282398,0.8614904888479663,0.8614904888479663,0.0,1006.3510320610828,1006.3510320610828,0,lp_in_range,0.007427430246025324,0.025032242760062218,2.548668146133423,1.0,1.0,0.0,continuous_delta_hedged,0,0,0.0,2.5,2.0,0.0,994.5278140903308,2227.4101675719367,2211.917190968745,2256.5986258052008,W10
2026-04-13 17:00:00+00:00,lp_in_range,0,hold,0.0,0,0,0,0,hold,hold,0.0006915494709130936,0.6915494709130936,1.045000552978065,1.0409160197764007,2.4728338335205535,-2.8222003823838606,-0.3493665488633071,2.4728338335205535,-2.8222003823838606,-0.3493665488633071,-0.006485251458116181,0.0,0.0,0.004084533201664372,-0.35345108206497144,0.6915494709130936,0.6915494709130936,0.0,1007.0425815319959,1007.0425815319959,0,lp_in_range,0.00790281593799591,0.02677234448492527,1.2326382398605347,1.0,1.0335897207260132,1.0,continuous_delta_hedged,0,0,0.0,2.5,3.0,0.0,993.857014633436,2225.9078008110273,2211.917190968745,2256.5986258052008,W10
2026-04-13 18:00:00+00:00,lp_in_range,1,go_cash,0.0,0,0,1,1,go_cash,exit_to_cash,-0.0003396505390144384,-0.33965053901443837,0.0,-0.33965053901443837,0.0,0.0,0.0,0.0,0.0,0.0,-0.006485251458116181,0.0,0.0,0.0,0.0,0.0,-0.33965053901443837,0.33965053901443837,1006.7029309929815,1006.7029309929815,1,cash,0.007986734621226788,0.0298000480979681,0.8660312294960022,1.0,1.1130907535552979,1.0,continuous_delta_hedged,0,0,0.0,2.5,4.0,0.0,997.4108399306588,2233.8671826288687,,,Cash
2026-04-13 19:00:00+00:00,cash,3,enter_w10,0.0,10,10,3,3,enter_w10,enter_w10,0.00027469144717815483,0.27469144717815486,1.1297254469009097,0.793100729150119,-3.0545453095355697,2.5361360275636056,-0.5184092819719641,-3.0545453095355697,2.5361360275636056,-0.5184092819719641,-1.0337962472212894,0.0,0.0,0.004613838452896253,-0.5230231204248603,0.6067023264760494,0.27469144717815486,0.3320108792978945,1006.9776224401597,1006.9776224401597,0,lp_in_range,0.008869423530995846,0.037985362112522125,1.9727669954299927,1.0,1.4152158498764038,1.0,continuous_delta_hedged,0,0,0.0,2.5,0.0,0.0,1011.1562598093204,2264.6523326885285,2240.8583775621273,2286.1244336258796,W10
2026-04-13 20:00:00+00:00,lp_in_range,0,hold,0.0,0,0,0,0,hold,hold,3.652933440092743e-05,0.03652933440092743,1.1844185941966647,1.1804233261218398,2.3466472732284274,-3.4905412649493397,-1.1438939917209123,2.3466472732284274,-3.4905412649493397,-1.1438939917209123,-0.09496277402649866,0.0,0.0,0.003995268074825028,-1.1478892597957373,0.03652933440092743,0.03652933440092743,0.0,1007.0141517745607,1007.0141517745607,0,lp_in_range,0.009053352288901806,0.04272431135177612,0.8545114398002625,1.0,1.5877315998077393,1.0,continuous_delta_hedged,0,0,0.0,2.5,1.0,0.0,1006.5812295497614,2254.405792800238,2240.8583775621273,2286.1244336258796,W10
2026-04-13 21:00:00+00:00,lp_in_range,1,go_cash,0.0,0,0,1,1,go_cash,exit_to_cash,-0.00038102297072697765,-0.38102297072697766,0.0,-0.38102297072697766,0.0,0.0,0.0,0.0,0.0,0.0,-0.09496277402649866,0.0,0.0,0.0,0.0,0.0,-0.38102297072697766,0.38102297072697766,1006.6331288038336,1006.6331288038336,1,cash,0.009035421535372734,0.047428879886865616,0.7526645660400391,1.0,1.753292202949524,1.0,continuous_delta_hedged,0,0,0.0,2.5,2.0,0.0,1009.7685578801654,2261.5443438090156,,,Cash
2026-04-13 22:00:00+00:00,cash,3,enter_w10,0.0,10,10,3,3,enter_w10,enter_w10,0.0004947948375084586,0.49479483750845865,1.9575145886068606,1.6245626052914592,1.1699975645227596,-2.29976533230576,-1.1297677677830005,1.1699975645227596,-2.29976533230576,-1.1297677677830005,-2.388185233186391,0.0,0.0,0.0009620446742514099,-1.1307298124572518,0.8267847761496088,0.49479483750845865,0.3319899386411501,1007.127923641342,1007.127923641342,0,lp_oor,0.011527304537594318,0.07019751518964767,4.2472662925720215,1.0,2.5813961029052734,1.0,continuous_delta_hedged,0,0,0.0,2.5,0.0,0.0,1050.9667867899138,2353.8146178621,2329.9738558786967,2377.0400731119444,W10
2026-04-13 23:00:00+00:00,lp_oor,2,recenter_same_width,0.0,10,10,2,2,recenter_same_width,recenter_same_width,0.0006494708071950463,0.6494708071950464,1.972135585139424,1.6666116772967972,-2.5072262298505166,1.4900853597487658,-1.0171408701017508,-2.5072262298505166,1.4900853597487658,-1.0171408701017508,-2.388185233186391,0.0,0.0,0.003015371062384637,-1.0201562411641354,0.9519793439752886,0.6494708071950464,0.3025085367802422,1007.777394448537,1007.777394448537,0,lp_in_range,0.012702874839305878,0.08935023099184036,2.4217967987060547,1.0,3.135443925857544,1.0,continuous_delta_hedged,0,0,0.0,2.5,1.0,0.1889336099395232,1058.6773559044707,2371.083717630053,2329.9738558786967,2377.0400731119444,W10
2026-04-14 00:00:00+00:00,lp_in_range,0,hold,0.0,0,0,0,0,hold,hold,0.0006097233175483094,0.6097233175483094,0.9718641896087495,0.9682644241077453,2.365474481703586,-2.724015588263022,-0.3585411065594357,2.365474481703586,-2.724015588263022,-0.3585411065594357,-0.004600074589461656,0.0,0.0,0.003599765501004313,-0.36214087206044004,0.6097233175483094,0.6097233175483094,0.0,1008.3871177660853,1008.3871177660853,0,lp_in_range,0.012929046526551247,0.10162846744060516,0.6515707969665527,1.0,3.4103457927703857,1.0,continuous_delta_hedged,0,0,0.0,2.5,1.0,0.0,1054.5882132334032,2361.925403671263,2329.9738558786967,2377.0400731119444,W10
2026-04-14 01:00:00+00:00,lp_in_range,0,hold,0.0,0,0,0,0,hold,hold,0.0003567275320062607,0.35672753200626073,1.115025792123006,1.1129925927910551,-0.10722313266694528,-0.6490419281178492,-0.7562650607847945,-0.10722313266694528,-0.6490419281178492,-0.7562650607847945,-0.013554899673408727,0.0,0.0,0.002033199331950836,-0.7582982601167453,0.35672753200626073,0.35672753200626073,0.0,1008.7438452980916,1008.7438452980916,0,lp_in_range,0.013181038200855255,0.11128732562065125,0.3554264307022095,1.0,3.6179442405700684,1.0,continuous_delta_hedged,0,0,0.0,2.5,2.0,0.0,1058.3575648275955,2370.3674924164,2329.9738558786967,2377.0400731119444,W10
2026-04-14 02:00:00+00:00,lp_in_range,0,hold,0.0,0,0,0,0,hold,hold,0.0004324663638459727,0.4324663638459727,0.5565989486614604,0.5534603629052207,-0.604220945425709,0.4832269463664611,-0.12099399905924796,-0.604220945425709,0.4832269463664611,-0.12099399905924796,-0.12851140992790988,0.0,0.0,0.0031385857562397364,-0.1241325848154877,0.4324663638459727,0.4324663638459727,0.0,1009.1763116619376,1009.1763116619376,0,lp_in_range,0.012834427878260612,0.11898361146450043,0.37478455901145935,1.0,3.7511069774627686,1.0,continuous_delta_hedged,0,0,0.0,2.5,3.0,0.0,1058.1284365414303,2369.8543215758746,2329.9738558786967,2377.0400731119444,W10
2026-04-14 03:00:00+00:00,lp_in_range,0,hold,0.0,0,0,0,0,hold,hold,0.0002791909888111398,0.2791909888111398,0.3530286286771149,0.349513595768756,-0.5064767114185997,0.43615410446098346,-0.07032260695761627,-0.5064767114185997,0.43615410446098346,-0.07032260695761627,-0.28350980613390675,0.0,0.0,0.00351503290835884,-0.07383763986597511,0.2791909888111398,0.2791909888111398,0.0,1009.4555026507487,1009.4555026507487,0,lp_in_range,0.012066137045621872,0.12335354089736938,0.19740839302539825,1.0,3.556966543197632,1.0,continuous_delta_hedged,0,0,0.0,2.5,4.0,0.0,1056.9876382080738,2367.2993142941614,2329.9738558786967,2377.0400731119444,W10
2026-04-14 04:00:00+00:00,lp_in_range,0,hold,0.0,0,0,0,0,hold,hold,0.0005597245564554207,0.5597245564554207,0.7103888808990138,0.7063080974269449,-3.107170749747297,2.960587208775773,-0.14658354097152415,-3.107170749747297,2.960587208775773,-0.14658354097152415,-1.771202814619528,0.0,0.0,0.004080783472068807,-0.15066432444359296,0.5597245564554207,0.5597245564554207,0.0,1010.0152272072042,1010.0152272072042,0,lp_oor,0.011288430541753769,0.12514285743236542,0.13028645515441895,1.0,3.3247978687286377,1.0,continuous_delta_hedged,0,0,0.0,2.5,5.0,0.0,1056.168110264938,2365.463845393958,2329.9738558786967,2377.0400731119444,W10
2026-04-14 05:00:00+00:00,lp_oor,2,recenter_same_width,0.0,10,10,2,2,recenter_same_width,recenter_same_width,-0.00030304331246142963,-0.3030433124614296,0.41540694122957095,0.0495027191154937,1.0072023592083497,-1.359748390785273,-0.3525460315769233,1.0072023592083497,-1.359748390785273,-0.3525460315769233,-1.771202814619528,0.0,0.0,0.0004577374978787015,-0.353003769074802,0.06240317215476893,-0.3030433124614296,0.36544648461619855,1009.7121838947428,1009.7121838947428,0,lp_oor,0.010641101747751236,0.12488334625959396,0.2763300836086273,1.0,3.30562424659729,1.0,continuous_delta_hedged,0,0,0.0,2.5,6.0,0.046987615742483065,1052.3920387270741,2357.006706219213,2329.9738558786967,2377.0400731119444,W10
2026-04-14 06:00:00+00:00,lp_oor,2,recenter_same_width,0.0,10,10,2,2,recenter_same_width,recenter_same_width,9.133946652051505e-05,0.09133946652051506,1.5886534737644502,1.2675820798069717,0.5394557964718842,-1.715698409758341,-1.1762426132864567,0.5394557964718842,-1.715698409758341,-1.1762426132864567,-2.4728387459451824,0.0,0.0,0.0018851093700801302,-1.178127722656537,0.41052575110791323,0.09133946652051506,0.3191862845873982,1009.8035233612633,1009.8035233612633,0,lp_in_range,0.01017091702669859,0.12252987176179886,0.2644497752189636,1.0,3.231369733810425,1.0,continuous_delta_hedged,0,0,0.0,2.5,1.0,0.31462256467140787,1060.516648250006,2375.2031182275414,2329.9738558786967,2377.0400731119444,W10
2026-04-14 07:00:00+00:00,lp_in_range,0,hold,0.0,0,0,0,0,hold,hold,0.0002491164094507612,0.2491164094507612,0.5636936131099858,0.5627386648220882,0.6117655731324021,-0.9253878285037291,-0.31362225537132704,0.6117655731324021,-0.9253878285037291,-0.31362225537132704,-1.5860204525091604,0.0,0.0,0.0009549482878975468,-0.3145772036592246,0.2491164094507612,0.2491164094507612,0.0,1010.052639770714,1010.052639770714,0,lp_oor,0.010120172053575516,0.11971665173768997,0.5863924622535706,1.0,3.1544132232666016,1.0,continuous_delta_hedged,0,0,0.0,2.5,1.0,0.0,1061.890582350322,2378.280271768407,2329.9738558786967,2377.0400731119444,W10
2026-04-14 08:00:00+00:00,lp_oor,2,recenter_same_width,0.0,10,10,2,2,recenter_same_width,recenter_same_width,0.0002236026862676007,0.22360268626760071,1.0539120274932627,0.7730095260728952,0.013169076444796701,-0.5625759162500912,-0.5494068398052945,0.013169076444796701,-0.5625759162500912,-0.5494068398052945,-1.5860204525091604,0.0,0.0,0.001883516744723768,-0.5512903565500182,0.5026216709432445,0.22360268626760071,0.2790189846756438,1010.2762424569815,1010.2762424569815,0,lp_in_range,0.010276902467012405,0.11592867970466614,0.5552180409431458,1.0,3.0519304275512695,1.0,continuous_delta_hedged,0,0,0.0,2.5,2.0,0.07784446749085162,1066.541432864029,2388.696623704792,2329.9738558786967,2377.0400731119444,W10
2026-04-14 09:00:00+00:00,lp_in_range,0,hold,0.0,0,0,0,0,hold,hold,0.00038320669043290657,0.38320669043290656,0.8349216035188269,0.8312816025615655,-3.1063438618317605,2.6582689497031016,-0.4480749121286589,-3.1063438618317605,2.6582689497031016,-0.4480749121286589,-1.1320818143944962,0.0,0.0,0.0036400009572614745,-0.4517149130859204,0.38320669043290656,0.38320669043290656,0.0,1010.6594491474145,1010.6594491474145,0,lp_in_range,0.009375430643558502,0.11333905160427094,0.38343945145606995,1.0,2.912307024002075,1.0,continuous_delta_hedged,0,0,0.0,2.5,1.0,0.0,1066.5754158221248,2388.7727341818586,2329.9738558786967,2377.0400731119444,W10
2026-04-14 10:00:00+00:00,lp_in_range,0,hold,0.0,0,0,0,0,hold,hold,0.0002214868380783414,0.2214868380783414,0.47424616923172147,0.46891135050571525,-0.5615244913534525,0.31409997892607866,-0.24742451242737384,-0.5615244913534525,0.31409997892607866,-0.24742451242737384,-1.4418460965442819,0.0,0.0,0.005334818726006218,-0.25275933115338006,0.2214868380783414,0.2214868380783414,0.0,1010.8809359854928,1010.8809359854928,0,lp_in_range,0.009399684146046638,0.1109413355588913,0.3531510829925537,1.0,2.7840301990509033,1.0,continuous_delta_hedged,0,0,0.0,2.5,2.0,0.0,1061.5004561195406,2377.4065192993785,2329.9738558786967,2377.0400731119444,W10
2026-04-14 11:00:00+00:00,lp_in_range,0,hold,0.0,0,0,0,0,hold,hold,0.00010024193867536007,0.10024193867536008,0.4655610789567137,0.4601494048788647,-0.3411608365147458,-0.018746629688758766,-0.3599074662035046,-0.3411608365147458,-0.018746629688758766,-0.3599074662035046,-1.6377036238061464,0.0,0.0,0.005411674077849046,-0.36531914028135365,0.10024193867536008,0.10024193867536008,0.0,1010.9811779241682,1010.9811779241682,0,lp_in_range,0.009208062663674355,0.10257886350154877,0.36823633313179016,1.0,2.498502492904663,1.0,continuous_delta_hedged,0,0,0.0,2.5,3.0,0.0,1060.8533081369935,2375.957123942279,2329.9738558786967,2377.0400731119444,W10
2026-04-14 12:00:00+00:00,lp_in_range,0,hold,0.0,0,0,0,0,hold,hold,0.0005141417298341397,0.5141417298341397,3.212662734547463,3.2095768258142265,4.505479782369321,-7.2009148783494075,-2.695435095980087,4.505479782369321,-7.2009148783494075,-2.695435095980087,-0.11419129699856967,0.0,0.0,0.0030859087332364477,-2.6985210047133235,0.5141417298341397,0.5141417298341397,0.0,1011.4953196540023,1011.4953196540023,0,lp_in_range,0.006368707865476608,0.09459297358989716,0.6087498068809509,1.0,2.2381935119628906,1.0,continuous_delta_hedged,0,0,0.0,2.5,4.0,0.0,1060.4798069243202,2375.1206059616634,2329.9738558786967,2377.0400731119444,W10
2026-04-14 13:00:00+00:00,lp_in_range,0,hold,0.0,0,0,0,0,hold,hold,-0.0006048110033535954,-0.6048110033535954,3.0729423224809125,3.0695614027512805,-12.876034003203927,9.20166159709905,-3.674372406104876,-12.876034003203927,9.20166159709905,-3.674372406104876,-6.573992828608539,0.0,0.0,0.0033809197296318784,-3.677753325834508,-0.6048110033535954,-0.6048110033535954,0.0,1010.8905086506487,1010.8905086506487,0,lp_oor,0.005424280185252428,0.08403822034597397,1.5245449542999268,1.0,1.9776630401611328,1.0,continuous_delta_hedged,0,0,0.0,2.5,5.0,0.0,1068.1449349006257,2392.2879327556147,2329.9738558786967,2377.0400731119444,W10
2026-04-14 14:00:00+00:00,lp_oor,2,recenter_same_width,0.0,10,10,2,2,recenter_same_width,recenter_same_width,0.0006035519822842911,0.6035519822842912,3.439902196086895,3.053559142850628,0.8773013398754301,-3.327308500441767,-2.450007160566337,0.8773013398754301,-3.327308500441767,-2.450007160566337,-6.573992828608539,0.0,0.0,0.0026391263451635886,-2.4526462869115004,0.9872559091753947,0.6035519822842912,0.3837039268911036,1011.4940606329329,1011.4940606329329,0,lp_in_range,0.006962792947888374,0.07184787839651108,2.8137967586517334,1.0,1.681662678718567,1.0,continuous_delta_hedged,0,0,0.0,2.5,6.0,1.177688330153037,1051.6520510065498,2355.3493808541275,2329.9738558786967,2377.0400731119444,W10
2026-04-14 15:00:00+00:00,lp_in_range,0,hold,0.0,0,0,0,0,hold,hold,0.0012276436974910405,1.2276436974910405,1.8227974179493536,1.8203546336917908,-8.007834515218974,7.415123579018224,-0.5927109362007501,-8.007834515218974,7.415123579018224,-0.5927109362007501,-3.4471206749046814,0.0,0.0,0.0024427842575627996,-0.5951537204583129,1.2276436974910405,1.2276436974910405,0.0,1012.721704330424,1012.721704330424,0,lp_oor,0.007546399254351854,0.06183791905641556,2.2138938903808594,1.0,1.4365646839141846,1.0,continuous_delta_hedged,0,0,0.0,2.5,1.0,0.0,1055.875809373401,2364.809189014744,2329.9738558786967,2377.0400731119444,W10
2026-04-14 16:00:00+00:00,lp_oor,0,hold_oor,0.0,0,0,0,0,hold_oor,hold_oor,0.00013025475869317998,0.13025475869317998,0.17990380690686247,0.17446656995686755,1.7079766886679408,-1.7521884999316284,-0.04421181126368756,1.7079766886679408,-1.7521884999316284,-0.04421181126368756,-2.4498939239699666,0.0,0.0,0.005437236949994928,-0.04964904821368249,0.13025475869317998,0.13025475869317998,0.0,1012.8519590891171,1012.8519590891171,0,lp_oor,0.008551410399377346,0.047363799065351486,1.3405680656433105,1.0,1.0921603441238403,1.0,continuous_delta_hedged,0,0,0.0,2.5,2.0,0.35081932218086964,1042.4558320451558,2334.7529215820837,2329.9738558786967,2377.0400731119444,W10
2026-04-14 17:00:00+00:00,lp_oor,2,recenter_same_width,0.0,10,10,2,2,recenter_same_width,recenter_same_width,0.0006044597520431707,0.6044597520431707,1.6333605989316569,1.2506109648165045,-8.297745931297072,7.6515947185237385,-0.6461512127733338,-8.297745931297072,7.6515947185237385,-0.6461512127733338,-2.4498939239699666,0.0,0.0,0.0033717798176951864,-0.649522992591029,0.9838376063406279,0.6044597520431707,0.3793778542974572,1013.4564188411603,1013.4564188411603,0,lp_oor,0.008937695994973183,0.025809140875935555,0.9732412695884705,1.0,0.5995754599571228,0.0,continuous_delta_hedged,0,0,0.0,2.5,3.0,0.14545135577794965,1044.2303311145342,2338.72720687957,2329.9738558786967,2377.0400731119444,W10
2026-04-14 18:00:00+00:00,lp_oor,2,recenter_same_width,0.0,10,10,2,2,recenter_same_width,recenter_same_width,0.0006884702173009761,0.6884702173009761,1.755717275204397,1.3669109794365806,-0.1633461328095791,-0.5150946293260253,-0.6784407621356044,-0.1633461328095791,-0.5150946293260253,-0.6784407621356044,-4.065075577715675,0.0,0.0,0.0021485030387966985,-0.6805892651744011,1.0751280100299958,0.6884702173009761,0.3866577927290197,1014.1448890584613,1014.1448890584613,0,lp_in_range,0.009922937490046024,0.03266202658414841,1.4252722263336182,1.0,0.7644833922386169,0.0,continuous_delta_hedged,0,0,0.0,2.5,1.0,0.42326176136987037,1033.9609499270273,2315.727222618046,2329.9738558786967,2377.0400731119444,W10
2026-04-14 19:00:00+00:00,lp_in_range,0,hold,0.0,0,0,0,0,hold,hold,0.0007142578381196729,0.7142578381196729,1.2805642101075416,1.2783416120802833,0.11258869981190855,-0.6766724737725189,-0.5640837739606104,0.11258869981190855,-0.6766724737725189,-0.5640837739606104,-0.0007237504655677185,0.0,0.0,0.002222598027258325,-0.5663063719878687,0.7142578381196729,0.7142578381196729,0.0,1014.8591468965809,1014.8591468965809,0,lp_in_range,0.010088239796459675,0.03812173381447792,1.0472626686096191,1.0,0.8971149325370789,0.0,continuous_delta_hedged,0,0,0.0,2.5,1.0,0.0,1033.5751677922758,2314.8631994733555,2329.9738558786967,2377.0400731119444,W10
2026-04-14 20:00:00+00:00,lp_in_range,0,hold,0.0,0,0,0,0,hold,hold,0.0006060073964973122,0.6060073964973122,0.9561670637757671,0.9551514965507825,0.9164534638853183,-1.2655975639387886,-0.3491441000534703,0.9164534638853183,-1.2655975639387886,-0.3491441000534703,-0.8143267022257987,0.0,0.0,0.001015567224984624,-0.35015966727845493,0.6060073964973122,0.6060073964973122,0.0,1015.4651542930782,1015.4651542930782,0,lp_in_range,0.009840771555900574,0.04238229617476463,0.776626706123352,1.0,1.0,0.0,continuous_delta_hedged,0,0,0.0,2.5,2.0,0.0,1033.8374432129863,2315.4506088253293,2329.9738558786967,2377.0400731119444,W10
2026-04-14 21:00:00+00:00,lp_in_range,0,hold,0.0,0,0,0,0,hold,hold,0.00045990125071759114,0.45990125071759114,1.0479881917088276,1.046635172634758,-0.5921536149389794,0.005419693021812542,-0.5867339219171669,-0.5921536149389794,0.005419693021812542,-0.5867339219171669,-0.025915124996345185,0.0,0.0,0.0013530190740695456,-0.5880869409912365,0.45990125071759114,0.45990125071759114,0.0,1015.9250555437958,1015.9250555437958,0,lp_in_range,0.009617531672120094,0.044210035353899,0.6389623284339905,1.0,1.0389330387115479,1.0,continuous_delta_hedged,0,0,0.0,2.5,3.0,0.0,1038.1080379861346,2325.0153148944005,2329.9738558786967,2377.0400731119444,W10
2026-04-14 22:00:00+00:00,lp_in_range,1,go_cash,0.0,0,0,1,1,go_cash,exit_to_cash,-0.0002385077607628319,-0.2385077607628319,0.0,-0.2385077607628319,0.0,0.0,0.0,0.0,0.0,0.0,-0.025915124996345185,0.0,0.0,0.0,0.0,0.0,-0.2385077607628319,0.2385077607628319,1015.686547783033,1015.686547783033,1,terminal,0.009605538100004196,0.0468582846224308,0.9331979155540466,1.0,1.09675931930542,1.0,continuous_delta_hedged,0,0,0.0,2.5,4.0,0.0,1034.7001523008203,2317.3827890687303,,,Cash
