arm,width,width_pct,envelope,envelope_bps,window,hours,net_usd,per_day_usd,lp_fees_usd,il_usd,basket_delta_usd,lp_value_change_usd,onchain_cost_usd,hedge_price_pnl_usd,funding_usd,rehedge_notional_usd,swapped_notional_usd,n_recenters,n_rehedges,volume_usd,volume_in_range_usd,n_swaps,seconds_out_of_range
always_in_w4,4.0,0.0020019011404843745,optimistic,1.984,full,2855.9938888888887,-1181.8607172168427,-9.931623916828254,1438.14966250303,-1449.3792282011473,65.69779963938994,-1383.6814285617502,1069.5136556381265,-76.96677583230732,2.462735922256775,465278.5060985151,1473422.1137500007,7323,8661,2939671613.5874705,2883628780.443666,1778806,0.0
always_in_w4,4.0,0.0020019011404843745,optimistic,1.984,2026-05,744.0,-641.9693824864829,-20.70868975762848,907.6385866964167,-899.8512944350321,54.36520380990413,-845.4860906251286,570.1535137184815,-69.43016360206603,2.193213922101399,336347.8586659527,928042.5251570911,2167,2911,1615395196.2883813,1587741880.2220728,575567,0.0
always_in_w4,4.0,0.0020019011404843745,optimistic,1.984,2026-06,720.0,-539.8711347303597,-17.99570449101199,530.5110758066182,-549.527933766109,11.332595829485875,-538.1953379366242,499.3399419196473,-7.536612230241409,0.2695220001553771,128930.6474325626,545379.5885929147,5156,5749,1324276417.2990916,1295886900.221595,1203239,0.0
always_in_w4,4.0,0.0020019011404843745,optimistic,1.984,2026-08,647.9938888888889,-0.0202,-0.0007481552037956461,0.0,0.0,0.0,0.0,0.0202,0.0,0.0,0.0,0.0,0,1,0.0,0.0,0,0.0
always_in_w4,4.0,0.0020019011404843745,central,3.3586560000000003,full,2855.9938888888887,-1245.8205062247787,-10.469102285448876,1438.14966250303,-1449.3792282011473,65.69779963938994,-1383.6814285617502,1069.5136556381265,-76.96677583230732,2.462735922256775,465278.5060985151,1473422.1137500007,7323,8661,2939671613.5874705,2883628780.443666,1778806,0.0
always_in_w4,4.0,0.0020019011404843745,central,3.3586560000000003,2026-05,744.0,-688.2056426867133,-22.200182022152042,907.6385866964167,-899.8512944350321,54.36520380990413,-845.4860906251286,570.1535137184815,-69.43016360206603,2.193213922101399,336347.8586659527,928042.5251570911,2167,2911,1615395196.2883813,1587741880.2220728,575567,0.0
always_in_w4,4.0,0.0020019011404843745,central,3.3586560000000003,2026-06,720.0,-557.5946635380654,-18.58648878460218,530.5110758066182,-549.527933766109,11.332595829485875,-538.1953379366242,499.3399419196473,-7.536612230241409,0.2695220001553771,128930.6474325626,545379.5885929147,5156,5749,1324276417.2990916,1295886900.221595,1203239,0.0
always_in_w4,4.0,0.0020019011404843745,central,3.3586560000000003,2026-08,647.9938888888889,-0.0202,-0.0007481552037956461,0.0,0.0,0.0,0.0,0.0202,0.0,0.0,0.0,0.0,0,1,0.0,0.0,0,0.0
always_in_w4,4.0,0.0020019011404843745,pessimistic,8.32,full,2855.9938888888887,-1476.661178680862,-12.40894401987968,1438.14966250303,-1449.3792282011473,65.69779963938994,-1383.6814285617502,1069.5136556381265,-76.96677583230732,2.462735922256775,465278.5060985151,1473422.1137500007,7323,8661,2939671613.5874705,2883628780.443666,1778806,0.0
always_in_w4,4.0,0.0020019011404843745,pessimistic,8.32,2026-05,744.0,-855.0793857372305,-27.583205991523563,907.6385866964167,-899.8512944350321,54.36520380990413,-845.4860906251286,570.1535137184815,-69.43016360206603,2.193213922101399,336347.8586659527,928042.5251570911,2167,2911,1615395196.2883813,1587741880.2220728,575567,0.0
always_in_w4,4.0,0.0020019011404843745,pessimistic,8.32,2026-06,720.0,-621.5615929436314,-20.71871976478771,530.5110758066182,-549.527933766109,11.332595829485875,-538.1953379366242,499.3399419196473,-7.536612230241409,0.2695220001553771,128930.6474325626,545379.5885929147,5156,5749,1324276417.2990916,1295886900.221595,1203239,0.0
always_in_w4,4.0,0.0020019011404843745,pessimistic,8.32,2026-08,647.9938888888889,-0.0202,-0.0007481552037956461,0.0,0.0,0.0,0.0,0.0202,0.0,0.0,0.0,0.0,0,1,0.0,0.0,0,0.0
always_in_w6,6.0,0.0030043540627415766,optimistic,1.984,full,2855.9938888888887,-1080.3843114064737,-9.078879186202675,1484.3640356438668,-1644.2139386936901,-22.192236459519744,-1666.4061751532058,833.0048011875223,8.945722458049522,3.4107256980026053,391601.90960516344,1110758.0876576474,6152,8813,4737626288.908481,4668610872.014077,3015015,0.0
always_in_w6,6.0,0.0030043540627415766,optimistic,1.984,2026-05,744.0,-422.4171873308636,-13.626360881640762,678.9373241160741,-731.3675692617708,-13.138109734304862,-744.5056789960756,309.6908220158058,-2.69381564443225,2.5719045064722126,237077.11339262224,509470.59944870154,1111,1855,1615414638.9706728,1601137416.6318595,575611,0.0
always_in_w6,6.0,0.0030043540627415766,optimistic,1.984,2026-06,720.0,-515.833700947724,-17.194456698257465,720.5312754081959,-809.2992635546791,-20.84098125792518,-830.2351232761498,406.8662714576852,26.123202246993554,0.5501301707984673,130730.41350744416,538799.2288218922,3051,3771,1514413252.6110125,1497240133.9821258,1405257,0.0
always_in_w6,6.0,0.0030043540627415766,optimistic,1.984,2026-07,744.0,-121.76014833936878,-3.9277467206247993,81.68347791610177,-100.21324932037578,11.498172851549747,-88.63100342889732,96.61487183138738,-14.024720189038925,0.2722670197981909,22405.73500980399,60175.406074466235,1550,2294,1169515005.643973,1136178534.856471,783542,0.0
always_in_w6,6.0,0.0030043540627415766,optimistic,1.984,2026-08,647.9938888888889,-20.37327478853332,-0.7545728490792002,3.2119582034883534,-3.3338565568733816,0.2886816811605617,-3.0343694520946323,19.832835882641422,-0.45894395547284556,0.01642400093372788,1388.6476952948487,2312.853312592487,440,893,438283391.68282545,434054786.54361326,250605,0.0
always_in_w6,6.0,0.0030043540627415766,central,3.3586560000000003,full,2855.9938888888887,-1134.2161028714931,-9.531248149661172,1484.3640356438668,-1644.2139386936901,-22.192236459519744,-1666.4061751532058,833.0048011875223,8.945722458049522,3.4107256980026053,391601.90960516344,1110758.0876576474,6152,8813,4737626288.908481,4668610872.014077,3015015,0.0
always_in_w6,6.0,0.0030043540627415766,central,3.3586560000000003,2026-05,744.0,-455.00713496964846,-14.67764951514995,678.9373241160741,-731.3675692617708,-13.138109734304862,-744.5056789960756,309.6908220158058,-2.69381564443225,2.5719045064722126,237077.11339262224,509470.59944870154,1111,1855,1615414638.9706728,1601137416.6318595,575611,0.0
always_in_w6,6.0,0.0030043540627415766,central,3.3586560000000003,2026-06,720.0,-533.8046356787729,-17.793487855959096,720.5312754081959,-809.2992635546791,-20.84098125792518,-830.2351232761498,406.8662714576852,26.123202246993554,0.5501301707984673,130730.41350744416,538799.2288218922,3051,3771,1514413252.6110125,1497240133.9821258,1405257,0.0
always_in_w6,6.0,0.0030043540627415766,central,3.3586560000000003,2026-07,744.0,-124.84016614593249,-4.027102133739757,81.68347791610177,-100.21324932037578,11.498172851549747,-88.63100342889732,96.61487183138738,-14.024720189038925,0.2722670197981909,22405.73500980399,60175.406074466235,1550,2294,1169515005.643973,1136178534.856471,783542,0.0
always_in_w6,6.0,0.0030043540627415766,central,3.3586560000000003,2026-08,647.9938888888889,-20.56416607715564,-0.7616429634822718,3.2119582034883534,-3.3338565568733816,0.2886816811605617,-3.0343694520946323,19.832835882641422,-0.45894395547284556,0.01642400093372788,1388.6476952948487,2312.853312592487,440,893,438283391.68282545,434054786.54361326,250605,0.0
always_in_w6,6.0,0.0030043540627415766,pessimistic,8.32,full,2855.9938888888887,-1328.503281332305,-11.163917008372758,1484.3640356438668,-1644.2139386936901,-22.192236459519744,-1666.4061751532058,833.0048011875223,8.945722458049522,3.4107256980026053,391601.90960516344,1110758.0876576474,6152,8813,4737626288.908481,4668610872.014077,3015015,0.0
always_in_w6,6.0,0.0030043540627415766,pessimistic,8.32,2026-05,744.0,-572.629246376429,-18.471911173433195,678.9373241160741,-731.3675692617708,-13.138109734304862,-744.5056789960756,309.6908220158058,-2.69381564443225,2.5719045064722126,237077.11339262224,509470.59944870154,1111,1855,1615414638.9706728,1601137416.6318595,575611,0.0
always_in_w6,6.0,0.0030043540627415766,pessimistic,8.32,2026-06,720.0,-598.6644909460406,-19.955483031534687,720.5312754081959,-809.2992635546791,-20.84098125792518,-830.2351232761498,406.8662714576852,26.123202246993554,0.5501301707984673,130730.41350744416,538799.2288218922,3051,3771,1514413252.6110125,1497240133.9821258,1405257,0.0
always_in_w6,6.0,0.0030043540627415766,pessimistic,8.32,2026-07,744.0,-135.9564220415806,-4.385691033599374,81.68347791610177,-100.21324932037578,11.498172851549747,-88.63100342889732,96.61487183138738,-14.024720189038925,0.2722670197981909,22405.73500980399,60175.406074466235,1550,2294,1169515005.643973,1136178534.856471,783542,0.0
always_in_w6,6.0,0.0030043540627415766,pessimistic,8.32,2026-08,647.9938888888889,-21.253121968272133,-0.7871600889834832,3.2119582034883534,-3.3338565568733816,0.2886816811605617,-3.0343694520946323,19.832835882641422,-0.45894395547284556,0.01642400093372788,1388.6476952948487,2312.853312592487,440,893,438283391.68282545,434054786.54361326,250605,0.0
always_in_w10,10.0,0.005012269623050569,optimistic,1.984,full,2855.9938888888887,-912.5273940149449,-7.668313836931572,1411.3385524055732,-1756.316582293502,-44.08251373295579,-1800.3990960264546,480.6525788861088,24.472599309895454,5.157955300306672,365145.2929342583,690843.6098663582,2941,5798,5444641880.183741,5403637562.432175,3434112,0.0
always_in_w10,10.0,0.005012269623050569,optimistic,1.984,2026-05,744.0,-244.16077734115856,-7.876154107779309,453.24033731874437,-521.5915316495881,-38.92324701651387,-560.514778666102,128.61344125100766,20.791703784731904,2.8165487052685356,160691.26629432337,213453.73472552406,438,1182,1614224543.7247095,1607927202.8420508,574983,0.0
always_in_w10,10.0,0.005012269623050569,optimistic,1.984,2026-06,720.0,-422.3344187784998,-14.077813959283327,673.0430347334241,-856.4708744498896,-58.178756246877754,-914.8929937272426,228.97237023488853,71.69711601948204,0.8311984034557813,121171.39099158559,338603.56204634067,1286,2006,1515594362.7199752,1507490104.4577837,1405872,0.0
always_in_w10,10.0,0.005012269623050569,optimistic,1.984,2026-07,744.0,-166.37431218868772,-5.366913296409281,178.3399781836158,-254.50854085708224,28.375331639690444,-225.99935997607622,72.57270116181928,-36.2781334002916,1.0010718431518033,54763.949986231026,87831.12737501322,645,1389,1169515005.6439705,1147627119.3473158,783542,0.0
always_in_w10,10.0,0.005012269623050569,optimistic,1.984,2026-08,647.9938888888889,-79.65788570660447,-2.950319886869057,106.71520216978989,-123.7456353369441,24.64415789074539,-98.99196365704032,50.49406623839347,-31.738087094026934,0.509136348430544,28518.685662117885,50955.18571948303,572,1221,1145307968.0950828,1140593135.7850049,669715,0.0
always_in_w10,10.0,0.005012269623050569,central,3.3586560000000003,full,2855.9938888888887,-962.7223107953286,-8.090120762855312,1411.3385524055732,-1756.316582293502,-44.08251373295579,-1800.3990960264546,480.6525788861088,24.472599309895454,5.157955300306672,365145.2929342583,690843.6098663582,2941,5798,5444641880.183741,5403637562.432175,3434112,0.0
always_in_w10,10.0,0.005012269623050569,central,3.3586560000000003,2026-05,744.0,-266.2502986770675,-8.588719312163468,453.24033731874437,-521.5915316495881,-38.92324701651387,-560.514778666102,128.61344125100766,20.791703784731904,2.8165487052685356,160691.26629432337,213453.73472552406,438,1182,1614224543.7247095,1607927202.8420508,574983,0.0
always_in_w10,10.0,0.005012269623050569,central,3.3586560000000003,2026-06,720.0,-438.99131674399274,-14.633043891466425,673.0430347334241,-856.4708744498896,-58.178756246877754,-914.8929937272426,228.97237023488853,71.69711601948204,0.8311984034557813,121171.39099158559,338603.56204634067,1286,2006,1515594362.7199752,1507490104.4577837,1405872,0.0
always_in_w10,10.0,0.005012269623050569,central,3.3586560000000003,2026-07,744.0,-173.90247143191496,-5.609757142964999,178.3399781836158,-254.50854085708224,28.375331639690444,-225.99935997607622,72.57270116181928,-36.2781334002916,1.0010718431518033,54763.949986231026,87831.12737501322,645,1389,1169515005.6439705,1147627119.3473158,783542,0.0
always_in_w10,10.0,0.005012269623050569,central,3.3586560000000003,2026-08,647.9938888888889,-83.57822394235892,-3.0955189686373115,106.71520216978989,-123.7456353369441,24.64415789074539,-98.99196365704032,50.49406623839347,-31.738087094026934,0.509136348430544,28518.685662117885,50955.18571948303,572,1221,1145307968.0950828,1140593135.7850049,669715,0.0
always_in_w10,10.0,0.005012269623050569,pessimistic,8.32,full,2855.9938888888887,-1143.883451618091,-9.612486548251939,1411.3385524055732,-1756.316582293502,-44.08251373295579,-1800.3990960264546,480.6525788861088,24.472599309895454,5.157955300306672,365145.2929342583,690843.6098663582,2941,5798,5444641880.183741,5403637562.432175,3434112,0.0
always_in_w10,10.0,0.005012269623050569,pessimistic,8.32,2026-05,744.0,-345.9747636652419,-11.160476247265867,453.24033731874437,-521.5915316495881,-38.92324701651387,-560.514778666102,128.61344125100766,20.791703784731904,2.8165487052685356,160691.26629432337,213453.73472552406,438,1182,1614224543.7247095,1607927202.8420508,574983,0.0
always_in_w10,10.0,0.005012269623050569,pessimistic,8.32,2026-06,720.0,-499.10861211076843,-16.636953737025614,673.0430347334241,-856.4708744498896,-58.178756246877754,-914.8929937272426,228.97237023488853,71.69711601948204,0.8311984034557813,121171.39099158559,338603.56204634067,1286,2006,1515594362.7199752,1507490104.4577837,1405872,0.0
always_in_w10,10.0,0.005012269623050569,pessimistic,8.32,2026-07,744.0,-201.0727508999637,-6.4862177709665705,178.3399781836158,-254.50854085708224,28.375331639690444,-225.99935997607622,72.57270116181928,-36.2781334002916,1.0010718431518033,54763.949986231026,87831.12737501322,645,1389,1169515005.6439705,1147627119.3473158,783542,0.0
always_in_w10,10.0,0.005012269623050569,pessimistic,8.32,2026-08,647.9938888888889,-97.72732494212237,-3.61956468853846,106.71520216978989,-123.7456353369441,24.64415789074539,-98.99196365704032,50.49406623839347,-31.738087094026934,0.509136348430544,28518.685662117885,50955.18571948303,572,1221,1145307968.0950828,1140593135.7850049,669715,0.0
always_in_w20,20.0,0.010049662092875389,optimistic,1.984,full,2855.9938888888887,-665.1741945047121,-5.589711074040106,1015.4737262560134,-1421.7762090814726,-23.953827059971104,-1445.7300361414427,177.54212032563706,-4.98156576220976,7.078256298725928,299760.35700686433,274260.9007286848,853,3710,5444641880.1837435,5426928310.244635,3434112,0.0
always_in_w20,20.0,0.010049662092875389,optimistic,1.984,2026-05,744.0,-129.26042835039186,-4.169691237109415,241.53334563232582,-296.3085582356249,-45.33453287772488,-341.6430911133498,35.85867776375998,23.819346039454125,2.9035481182757508,100881.54870633976,59709.791976256,119,863,1613244815.6209195,1611714037.4524512,574586,0.0
always_in_w20,20.0,0.010049662092875389,optimistic,1.984,2026-06,720.0,-262.82236241731135,-8.760745413910378,462.6169954123282,-627.3338028685649,-88.33234266768397,-716.1830519749244,78.85854228248584,87.14583077379744,0.9962562797337974,93446.82775080913,123831.80850142735,355,1075,1516574090.8237653,1514146512.7540598,1406269,0.0
always_in_w20,20.0,0.010049662092875389,optimistic,1.984,2026-07,744.0,-190.57463214324136,-6.147568778814238,177.24550007125995,-313.09689317501017,49.57020177225945,-263.60886498721646,36.02241495890853,-57.522920159190875,2.0047216499455636,63864.18225368449,53049.505254914715,205,949,1169515005.64397,1157284682.3248718,783542,0.0
always_in_w20,20.0,0.010049662092875389,optimistic,1.984,2026-08,647.9938888888889,-82.51677159377073,-3.0562055479354617,134.07788514009803,-185.03695480227373,60.1428467131783,-124.29502806595417,26.802485320482624,-58.42382241627044,1.1737302507708145,41567.79829602999,37669.79499608658,174,823,1145307968.095082,1143783077.7132518,669715,0.0
always_in_w20,20.0,0.010049662092875389,central,3.3586560000000003,full,2855.9938888888887,-706.380931836875,-5.9359869186136605,1015.4737262560134,-1421.7762090814726,-23.953827059971104,-1445.7300361414427,177.54212032563706,-4.98156576220976,7.078256298725928,299760.35700686433,274260.9007286848,853,3710,5444641880.1837435,5426928310.244635,3434112,0.0
always_in_w20,20.0,0.010049662092875389,central,3.3586560000000003,2026-05,744.0,-143.12817097223808,-4.617037773298002,241.53334563232582,-296.3085582356249,-45.33453287772488,-341.6430911133498,35.85867776375998,23.819346039454125,2.9035481182757508,100881.54870633976,59709.791976256,119,863,1613244815.6209195,1611714037.4524512,574586,0.0
always_in_w20,20.0,0.010049662092875389,central,3.3586560000000003,2026-06,720.0,-275.668086662173,-9.188936222072433,462.6169954123282,-627.3338028685649,-88.33234266768397,-716.1830519749244,78.85854228248584,87.14583077379744,0.9962562797337974,93446.82775080913,123831.80850142735,355,1075,1516574090.8237653,1514146512.7540598,1406269,0.0
always_in_w20,20.0,0.010049662092875389,central,3.3586560000000003,2026-07,744.0,-199.35376027525345,-6.4307664604920465,177.24550007125995,-313.09689317501017,49.57020177225945,-263.60886498721646,36.02241495890853,-57.522920159190875,2.0047216499455636,63864.18225368449,53049.505254914715,205,949,1169515005.64397,1157284682.3248718,783542,0.0
always_in_w20,20.0,0.010049662092875389,central,3.3586560000000003,2026-08,647.9938888888889,-88.23091392721346,-3.267842445063886,134.07788514009803,-185.03695480227373,60.1428467131783,-124.29502806595417,26.802485320482624,-58.42382241627044,1.1737302507708145,41567.79829602999,37669.79499608658,174,823,1145307968.095082,1143783077.7132518,669715,0.0
always_in_w20,20.0,0.010049662092875389,pessimistic,8.32,full,2855.9938888888887,-855.1023567042614,-7.185749465621735,1015.4737262560134,-1421.7762090814726,-23.953827059971104,-1445.7300361414427,177.54212032563706,-4.98156576220976,7.078256298725928,299760.35700686433,274260.9007286848,853,3710,5444641880.1837435,5426928310.244635,3434112,0.0
always_in_w20,20.0,0.010049662092875389,pessimistic,8.32,2026-05,744.0,-193.17897761072874,-6.231579922926733,241.53334563232582,-296.3085582356249,-45.33453287772488,-341.6430911133498,35.85867776375998,23.819346039454125,2.9035481182757508,100881.54870633976,59709.791976256,119,863,1613244815.6209195,1611714037.4524512,574586,0.0
always_in_w20,20.0,0.010049662092875389,pessimistic,8.32,2026-06,720.0,-322.030272480224,-10.734342416007468,462.6169954123282,-627.3338028685649,-88.33234266768397,-716.1830519749244,78.85854228248584,87.14583077379744,0.9962562797337974,93446.82775080913,123831.80850142735,355,1075,1516574090.8237653,1514146512.7540598,1406269,0.0
always_in_w20,20.0,0.010049662092875389,pessimistic,8.32,2026-07,744.0,-231.03897801917586,-7.452870258683093,177.24550007125995,-313.09689317501017,49.57020177225945,-263.60886498721646,36.02241495890853,-57.522920159190875,2.0047216499455636,63864.18225368449,53049.505254914715,205,949,1169515005.64397,1157284682.3248718,783542,0.0
always_in_w20,20.0,0.010049662092875389,pessimistic,8.32,2026-08,647.9938888888889,-108.85412859413533,-4.031672413977366,134.07788514009803,-185.03695480227373,60.1428467131783,-124.29502806595417,26.802485320482624,-58.42382241627044,1.1737302507708145,41567.79829602999,37669.79499608658,174,823,1145307968.095082,1143783077.7132518,669715,0.0
always_in_w40,40.0,0.020200319893931784,optimistic,1.984,full,2855.9938888888887,-407.07827752374783,-3.4208331812540655,599.3212506776463,-934.8723317905637,2.5739496504997987,-932.298382140064,57.238895714947034,15.58775412326458,8.173075289851829,204753.4262071549,90965.78024238041,243,3100,5444641880.183743,5438784669.195894,3434112,0.0
always_in_w40,40.0,0.020200319893931784,optimistic,1.984,2026-05,744.0,-69.09624520470337,-2.2289111356355926,122.92133349599682,-154.46453875177303,-54.298251725157456,-207.86758944642338,9.55209148990476,33.94558077826419,2.824588908576789,57298.7270726463,15902.780775760928,31,775,1612945302.6644213,1612516953.4796462,574430,0.0
always_in_w40,40.0,0.020200319893931784,optimistic,1.984,2026-06,720.0,-154.91438612364047,-5.163812870788016,262.04893423774587,-385.3754118409123,-95.65298826757714,-482.11691815218126,23.540758601262326,101.2593672396787,1.170225963145526,69230.02424781733,37702.84306743419,97,817,1516873603.7802615,1515890358.5759704,1406425,0.0
always_in_w40,40.0,0.020200319893931784,optimistic,1.984,2026-07,744.0,-130.3508669038854,-4.204866674318883,116.57600608312389,-249.87104141668988,64.84372067252161,-188.48035659357038,14.551003831668181,-36.87762491881186,2.4787593763446583,47866.1644118121,22644.639828648276,68,812,1169515005.6439712,1165542344.7542474,783542,0.0
always_in_w40,40.0,0.020200319893931784,optimistic,1.984,2026-08,647.9938888888889,-52.71677929151697,-1.9524917205096524,97.77497686078074,-145.16133978118853,87.68146897071279,-53.833517947888936,9.595041792111783,-82.73956897586592,1.6995010417848742,30358.51047487876,14715.516570536924,47,696,1145307968.0950825,1144835012.3860238,669715,0.0
always_in_w40,40.0,0.020200319893931784,central,3.3586560000000003,full,2855.9938888888887,-435.2248301093701,-3.6573593393396986,599.3212506776463,-934.8723317905637,2.5739496504997987,-932.298382140064,57.238895714947034,15.58775412326458,8.173075289851829,204753.4262071549,90965.78024238041,243,3100,5444641880.183743,5438784669.195894,3434112,0.0
always_in_w40,40.0,0.020200319893931784,central,3.3586560000000003,2026-05,744.0,-76.97284910098094,-2.4829951322897075,122.92133349599682,-154.46453875177303,-54.298251725157456,-207.86758944642338,9.55209148990476,33.94558077826419,2.824588908576789,57298.7270726463,15902.780775760928,31,775,1612945302.6644213,1612516953.4796462,574430,0.0
always_in_w40,40.0,0.020200319893931784,central,3.3586560000000003,2026-06,720.0,-164.43113294488123,-5.481037764829375,262.04893423774587,-385.3754118409123,-95.65298826757714,-482.11691815218126,23.540758601262326,101.2593672396787,1.170225963145526,69230.02424781733,37702.84306743419,97,817,1516873603.7802615,1515890358.5759704,1406425,0.0
always_in_w40,40.0,0.020200319893931784,central,3.3586560000000003,2026-07,744.0,-136.9308179144538,-4.417123158530767,116.57600608312389,-249.87104141668988,64.84372067252161,-188.48035659357038,14.551003831668181,-36.87762491881186,2.4787593763446583,47866.1644118121,22644.639828648276,68,812,1169515005.6439712,1165542344.7542474,783542,0.0
always_in_w40,40.0,0.020200319893931784,central,3.3586560000000003,2026-08,647.9938888888889,-56.890030149052464,-2.1070580247576634,97.77497686078074,-145.16133978118853,87.68146897071279,-53.833517947888936,9.595041792111783,-82.73956897586592,1.6995010417848742,30358.51047487876,14715.516570536924,47,696,1145307968.0950825,1144835012.3860238,669715,0.0
always_in_w40,40.0,0.020200319893931784,pessimistic,8.32,full,2855.9938888888887,-536.8100483686012,-4.511018462248416,599.3212506776463,-934.8723317905637,2.5739496504997987,-932.298382140064,57.238895714947034,15.58775412326458,8.173075289851829,204753.4262071549,90965.78024238041,243,3100,5444641880.183743,5438784669.195894,3434112,0.0
always_in_w40,40.0,0.020200319893931784,pessimistic,8.32,2026-05,744.0,-105.40071867793208,-3.400023183159099,122.92133349599682,-154.46453875177303,-54.298251725157456,-207.86758944642338,9.55209148990476,33.94558077826419,2.824588908576789,57298.7270726463,15902.780775760928,31,775,1612945302.6644213,1612516953.4796462,574430,0.0
always_in_w40,40.0,0.020200319893931784,pessimistic,8.32,2026-06,720.0,-198.77852948705754,-6.625950982901918,262.04893423774587,-385.3754118409123,-95.65298826757714,-482.11691815218126,23.540758601262326,101.2593672396787,1.170225963145526,69230.02424781733,37702.84306743419,97,817,1516873603.7802615,1515890358.5759704,1406425,0.0
always_in_w40,40.0,0.020200319893931784,pessimistic,8.32,2026-07,744.0,-160.67886867520954,-5.183189312103534,116.57600608312389,-249.87104141668988,64.84372067252161,-188.48035659357038,14.551003831668181,-36.87762491881186,2.4787593763446583,47866.1644118121,22644.639828648276,68,812,1169515005.6439712,1165542344.7542474,783542,0.0
always_in_w40,40.0,0.020200319893931784,pessimistic,8.32,2026-08,647.9938888888889,-71.95193152840015,-2.664911484956465,97.77497686078074,-145.16133978118853,87.68146897071279,-53.833517947888936,9.595041792111783,-82.73956897586592,1.6995010417848742,30358.51047487876,14715.516570536924,47,696,1145307968.0950825,1144835012.3860238,669715,0.0
always_in_w80,80.0,0.04080869271168086,optimistic,1.984,full,2855.9938888888887,-196.19801024376105,-1.6487263030111676,360.26764348930135,-462.75577933507884,48.199081291194716,-414.5566980438841,14.242595634161132,-113.81604564502273,9.796044127845361,119185.27488830536,23320.674363067184,51,2908,5444641880.18374,5443665318.058106,3434112,0.0
always_in_w80,80.0,0.04080869271168086,optimistic,1.984,2026-05,744.0,-31.886330038796032,-1.0285912915740656,63.00957424534578,-51.38848603243798,-58.88823030042079,-106.6480613982103,1.7826655176364692,16.527662143197247,2.6868441828615115,28627.437975573608,2965.5703542899496,5,749,1612945302.6644208,1612884050.81685,574430,0.0
always_in_w80,80.0,0.04080869271168086,optimistic,1.984,2026-06,720.0,-91.0055871842189,-3.0335195728072963,149.254348731582,-202.51915114834776,-90.75522743810143,-311.259685287347,6.048397790706054,83.46866318766652,1.3799308671173605,39316.76861155119,9844.928788954512,23,743,1516873603.7802618,1516737497.3245583,1406425,0.0
always_in_w80,80.0,0.04080869271168086,optimistic,1.984,2026-07,744.0,-28.678502490990596,-0.9251129835803418,75.88319899102162,-108.19373316846702,70.83101943504937,-32.11055869577558,3.1406438040844384,-66.60136385307568,3.0723674624945523,29140.63806235413,5107.305148563409,12,756,1169515005.6439714,1168824187.6508467,783542,0.0
always_in_w80,80.0,0.04080869271168086,optimistic,1.984,2026-08,647.9938888888889,-44.62759052975499,-1.652889311272153,72.12052152135252,-100.65440898582608,127.01151959466756,35.461607337448754,3.270888521734174,-147.21100712281083,2.6569016153719116,22100.43023882645,5402.87007125931,11,660,1145307968.0950818,1145219582.265846,669715,0.0
always_in_w80,80.0,0.04080869271168086,central,3.3586560000000003,full,2855.9938888888887,-212.58188556744688,-1.7864062221798456,360.26764348930135,-462.75577933507884,48.199081291194716,-414.5566980438841,14.242595634161132,-113.81604564502273,9.796044127845361,119185.27488830536,23320.674363067184,51,2908,5444641880.18374,5443665318.058106,3434112,0.0
always_in_w80,80.0,0.04080869271168086,central,3.3586560000000003,2026-05,744.0,-35.82161797657104,-1.1555360637603562,63.00957424534578,-51.38848603243798,-58.88823030042079,-106.6480613982103,1.7826655176364692,16.527662143197247,2.6868441828615115,28627.437975573608,2965.5703542899496,5,749,1612945302.6644208,1612884050.81685,574430,0.0
always_in_w80,80.0,0.04080869271168086,central,3.3586560000000003,2026-06,720.0,-96.41029037146696,-3.213676345715565,149.254348731582,-202.51915114834776,-90.75522743810143,-311.259685287347,6.048397790706054,83.46866318766652,1.3799308671173605,39316.76861155119,9844.928788954512,23,743,1516873603.7802618,1516737497.3245583,1406425,0.0
always_in_w80,80.0,0.04080869271168086,central,3.3586560000000003,2026-07,744.0,-32.68433778661495,-1.054333476987579,75.88319899102162,-108.19373316846702,70.83101943504937,-32.11055869577558,3.1406438040844384,-66.60136385307568,3.0723674624945523,29140.63806235413,5107.305148563409,12,756,1169515005.6439714,1168824187.6508467,783542,0.0
always_in_w80,80.0,0.04080869271168086,central,3.3586560000000003,2026-08,647.9938888888889,-47.66563943279341,-1.7654107021728387,72.12052152135252,-100.65440898582608,127.01151959466756,35.461607337448754,3.270888521734174,-147.21100712281083,2.6569016153719116,22100.43023882645,5402.87007125931,11,660,1145307968.0950818,1145219582.265846,669715,0.0
always_in_w80,80.0,0.04080869271168086,pessimistic,8.32,full,2855.9938888888887,-271.7138004129913,-2.2833141328775066,360.26764348930135,-462.75577933507884,48.199081291194716,-414.5566980438841,14.242595634161132,-113.81604564502273,9.796044127845361,119185.27488830536,23320.674363067184,51,2908,5444641880.18374,5443665318.058106,3434112,0.0
always_in_w80,80.0,0.04080869271168086,pessimistic,8.32,2026-05,744.0,-50.024674740119465,-1.613699185165144,63.00957424534578,-51.38848603243798,-58.88823030042079,-106.6480613982103,1.7826655176364692,16.527662143197247,2.6868441828615115,28627.437975573608,2965.5703542899496,5,749,1612945302.6644208,1612884050.81685,574430,0.0
always_in_w80,80.0,0.04080869271168086,pessimistic,8.32,2026-06,720.0,-115.91669177649774,-3.8638897258832583,149.254348731582,-202.51915114834776,-90.75522743810143,-311.259685287347,6.048397790706054,83.46866318766652,1.3799308671173605,39316.76861155119,9844.928788954512,23,743,1516873603.7802618,1516737497.3245583,1406425,0.0
always_in_w80,80.0,0.04080869271168086,pessimistic,8.32,2026-07,744.0,-47.142010767298174,-1.520710024751554,75.88319899102162,-108.19373316846702,70.83101943504937,-32.11055869577558,3.1406438040844384,-66.60136385307568,3.0723674624945523,29140.63806235413,5107.305148563409,12,756,1169515005.6439714,1168824187.6508467,783542,0.0
always_in_w80,80.0,0.04080869271168086,pessimistic,8.32,2026-08,647.9938888888889,-58.630423129075425,-2.171517631918732,72.12052152135252,-100.65440898582608,127.01151959466756,35.461607337448754,3.270888521734174,-147.21100712281083,2.6569016153719116,22100.43023882645,5402.87007125931,11,660,1145307968.0950818,1145219582.265846,669715,0.0
always_in_w160,160.0,0.08328273482419823,optimistic,1.984,full,2855.9938888888887,-84.07944818487425,-0.7065514965867239,183.24570869763403,-243.18857752435508,55.21337522836984,-187.97520229598524,3.9555131496130547,-73.28702594948392,9.900809443070147,60525.327270646245,6484.669543381287,13,2870,5444641880.183743,5444449273.949005,3434112,0.0
always_in_w160,160.0,0.08328273482419823,optimistic,1.984,2026-05,744.0,-14.207197638526507,-0.4582966980169841,31.91331440569839,-20.425512771786885,-39.035277658951145,-79.54112338504979,0.5875535038744826,34.13771259216203,2.7152166239335247,14338.530097763018,975.58778637145,1,745,1612945302.6644208,1612932818.2711284,574430,0.0
always_in_w160,160.0,0.08328273482419823,optimistic,1.984,2026-06,720.0,-39.64074409463777,-1.3213581364879257,73.84023143687865,-124.7400333363712,-106.17274697131097,-229.26548446584331,1.8080191615640477,120.53472211965729,1.101577518604314,20381.91301598102,2932.6598672435457,7,727,1516873603.7802618,1516808202.8347526,1406425,0.0
always_in_w160,160.0,0.08328273482419823,optimistic,1.984,2026-07,744.0,-7.518096687232531,-0.24251924797524294,39.103151939429715,-34.974569438736694,68.45092773482884,39.657199369949694,0.5297555606701104,-86.29697462069103,3.33678085145586,14054.93279590053,863.4676249662665,2,746,1169515005.6439714,1169505270.0499666,783542,0.0
always_in_w160,160.0,0.08328273482419823,optimistic,1.984,2026-08,647.9938888888889,-22.713409764477568,-0.8412453322394423,38.38901091562699,-63.048461977460306,131.97047212380312,81.17420618495817,1.0301849235044134,-141.66248604061204,2.747234449076465,11749.951361001691,1712.9542648000256,3,652,1145307968.0950816,1145202982.7931545,669715,0.0
always_in_w160,160.0,0.08328273482419823,central,3.3586560000000003,full,2855.9938888888887,-92.39959861333,-0.7764688766832982,183.24570869763403,-243.18857752435508,55.21337522836984,-187.97520229598524,3.9555131496130547,-73.28702594948392,9.900809443070147,60525.327270646245,6484.669543381287,13,2870,5444641880.183743,5444449273.949005,3434112,0.0
always_in_w160,160.0,0.08328273482419823,central,3.3586560000000003,2026-05,744.0,-16.17825228153356,-0.5218791058559212,31.91331440569839,-20.425512771786885,-39.035277658951145,-79.54112338504979,0.5875535038744826,34.13771259216203,2.7152166239335247,14338.530097763018,975.58778637145,1,745,1612945302.6644208,1612932818.2711284,574430,0.0
always_in_w160,160.0,0.08328273482419823,central,3.3586560000000003,2026-06,720.0,-42.4425559965274,-1.4147518665509133,73.84023143687865,-124.7400333363712,-106.17274697131097,-229.26548446584331,1.8080191615640477,120.53472211965729,1.101577518604314,20381.91301598102,2932.6598672435457,7,727,1516873603.7802618,1516808202.8347526,1406425,0.0
always_in_w160,160.0,0.08328273482419823,central,3.3586560000000003,2026-07,744.0,-9.450166456980675,-0.3048440792574411,39.103151939429715,-34.974569438736694,68.45092773482884,39.657199369949694,0.5297555606701104,-86.29697462069103,3.33678085145586,14054.93279590053,863.4676249662665,2,746,1169515005.6439714,1169505270.0499666,783542,0.0
always_in_w160,160.0,0.08328273482419823,central,3.3586560000000003,2026-08,647.9938888888889,-24.328623878288482,-0.9010686413727002,38.38901091562699,-63.048461977460306,131.97047212380312,81.17420618495817,1.0301849235044134,-141.66248604061204,2.747234449076465,11749.951361001691,1712.9542648000256,3,652,1145307968.0950816,1145202982.7931545,669715,0.0
always_in_w160,160.0,0.08328273482419823,pessimistic,8.32,full,2855.9938888888887,-122.42829554355572,-1.0288114076422135,183.24570869763403,-243.18857752435508,55.21337522836984,-187.97520229598524,3.9555131496130547,-73.28702594948392,9.900809443070147,60525.327270646245,6484.669543381287,13,2870,5444641880.183743,5444449273.949005,3434112,0.0
always_in_w160,160.0,0.08328273482419823,pessimistic,8.32,2026-05,744.0,-23.292090308469156,-0.7513577518861018,31.91331440569839,-20.425512771786885,-39.035277658951145,-79.54112338504979,0.5875535038744826,34.13771259216203,2.7152166239335247,14338.530097763018,975.58778637145,1,745,1612945302.6644208,1612932818.2711284,574430,0.0
always_in_w160,160.0,0.08328273482419823,pessimistic,8.32,2026-06,720.0,-52.554724181563344,-1.7518241393854448,73.84023143687865,-124.7400333363712,-106.17274697131097,-229.26548446584331,1.8080191615640477,120.53472211965729,1.101577518604314,20381.91301598102,2932.6598672435457,7,727,1516873603.7802618,1516808202.8347526,1406425,0.0
always_in_w160,160.0,0.08328273482419823,pessimistic,8.32,2026-07,744.0,-16.423302106715106,-0.5297839389262937,39.103151939429715,-34.974569438736694,68.45092773482884,39.657199369949694,0.5297555606701104,-86.29697462069103,3.33678085145586,14054.93279590053,863.4676249662665,2,746,1169515005.6439714,1169505270.0499666,783542,0.0
always_in_w160,160.0,0.08328273482419823,pessimistic,8.32,2026-08,647.9938888888889,-30.15817894680824,-1.1169801245571724,38.38901091562699,-63.048461977460306,131.97047212380312,81.17420618495817,1.0301849235044134,-141.66248604061204,2.747234449076465,11749.951361001691,1712.9542648000256,3,652,1145307968.0950816,1145202982.7931545,669715,0.0
always_cash,,,optimistic,1.984,full,2855.9938888888887,0.0,0.0,0.0,0.0,0.0,0.0,0.0,0.0,0.0,0.0,0.0,0,0,0.0,0.0,0,0.0
always_cash,,,optimistic,1.984,2026-05,744.0,0.0,0.0,0.0,0.0,0.0,0.0,0.0,0.0,0.0,0.0,0.0,0,0,0.0,0.0,0,0.0
always_cash,,,optimistic,1.984,2026-06,720.0,0.0,0.0,0.0,0.0,0.0,0.0,0.0,0.0,0.0,0.0,0.0,0,0,0.0,0.0,0,0.0
always_cash,,,optimistic,1.984,2026-08,647.9938888888889,0.0,0.0,0.0,0.0,0.0,0.0,0.0,0.0,0.0,0.0,0.0,0,0,0.0,0.0,0,0.0
always_cash,,,central,3.3586560000000003,full,2855.9938888888887,0.0,0.0,0.0,0.0,0.0,0.0,0.0,0.0,0.0,0.0,0.0,0,0,0.0,0.0,0,0.0
always_cash,,,central,3.3586560000000003,2026-05,744.0,0.0,0.0,0.0,0.0,0.0,0.0,0.0,0.0,0.0,0.0,0.0,0,0,0.0,0.0,0,0.0
always_cash,,,central,3.3586560000000003,2026-06,720.0,0.0,0.0,0.0,0.0,0.0,0.0,0.0,0.0,0.0,0.0,0.0,0,0,0.0,0.0,0,0.0
always_cash,,,central,3.3586560000000003,2026-08,647.9938888888889,0.0,0.0,0.0,0.0,0.0,0.0,0.0,0.0,0.0,0.0,0.0,0,0,0.0,0.0,0,0.0
always_cash,,,pessimistic,8.32,full,2855.9938888888887,0.0,0.0,0.0,0.0,0.0,0.0,0.0,0.0,0.0,0.0,0.0,0,0,0.0,0.0,0,0.0
always_cash,,,pessimistic,8.32,2026-05,744.0,0.0,0.0,0.0,0.0,0.0,0.0,0.0,0.0,0.0,0.0,0.0,0,0,0.0,0.0,0,0.0
always_cash,,,pessimistic,8.32,2026-06,720.0,0.0,0.0,0.0,0.0,0.0,0.0,0.0,0.0,0.0,0.0,0.0,0,0,0.0,0.0,0,0.0
always_cash,,,pessimistic,8.32,2026-08,647.9938888888889,0.0,0.0,0.0,0.0,0.0,0.0,0.0,0.0,0.0,0.0,0.0,0,0,0.0,0.0,0,0.0
